path	extension	pdb_md5	local_md5	status
bse/bse.h	.h	AFCA01E1F9DA9E51618BD859929CCF6E	AFCA01E1F9DA9E51618BD859929CCF6E	exact
bse/bse_bounds.cpp	.cpp	2FB7BA5489375D4A69CB6F85D8B66688	1C0AB5EB204CAF94411635FAA18CB8F9	different
bse/bse_effect.cpp	.cpp	E832BE247FAD24284A36023056DE3641	94F37D0330EF8EEA56118E95E1866064	different
bse/bse_effecttemplate.cpp	.cpp	098F47F781C6DCD1281D294E419246AA	65403D78B2F14C8406A61CBBB786C232	different
bse/bse_electricity.cpp	.cpp	04AEEC8014E3F76E0A809201B435BCED	DB910E951B2A5B26CFF8945ABB776427	different
bse/bse_envelope.h	.h	DFE65CC627F3B21B650304B0BC17DEF7	DFE65CC627F3B21B650304B0BC17DEF7	exact
bse/bse_envelopes.cpp	.cpp	6F04774245302B5E2B8329F0300A6BBF	4DE7133570D725F981FD5871965BFE3B	different
bse/bse_light.cpp	.cpp	1992B8180790F5227C71B787A8485186	B9064DD42A13F36C2285ED756A926E65	different
bse/bse_manager.cpp	.cpp	FFE234C0E8481DB73B17E98C8D40F865	DC839B714B847EF0829898CC020630FF	different
bse/bse_parseparticle2.cpp	.cpp	1BB86F5EB9A4B3504057A2AE096445EF	1AB25EA57BDFCDAFB5E5C5D1F900B147	different
bse/bse_particle.cpp	.cpp	B89C09970EC3ACA6B62532C439439F36	855611C912505B4E43F99FF50863E65F	different
bse/bse_particle.h	.h	D3781711E47A67AE76DFB840BC2B0583	D3781711E47A67AE76DFB840BC2B0583	exact
bse/bse_render.cpp	.cpp	4A7A8A34402716D9FD0581209D7024C4	AD9E790029E0DE9F3754F463CAA235BA	different
bse/bse_segment.cpp	.cpp	8B8FE74838778A1BAF58706AE46ABFE8	BB9E0577950612636359411718539881	different
bse/bse_segmenttemplate.cpp	.cpp	B9E2F8AF82EB75277FEC012683CAE08D	6CD2324AF8D1621374FD0DF03559B6CF	different
bse/bse_spawndomains.cpp	.cpp	E65260673831F67CFB8223016FFD31B8	0C7799A05BEB2FF60DD7399F2AFE6705	different
bse/bse_spawndomains.h	.h	F120F7031DAE51091AF5A3B2CA1016F9	F120F7031DAE51091AF5A3B2CA1016F9	exact
bse/bseinterface.h	.h	DFD927558CF0CC38026E87A6F6192D8B	DFD927558CF0CC38026E87A6F6192D8B	exact
build/win32/intermediate/release/etqw/engine.res	.res	5C54A091273D9CF3A007C928ED8C3BE5		missing
build/win32/intermediate/release/etqw/version.res	.res	41527F5F68E85A6083FA62CF0505DE35		missing
cm/collisionmodel.cpp	.cpp	7FA50A56AE9E17200FA47F21EE5AD178	41A47F87DD2093B70A050849A9197274	different
cm/collisionmodel.h	.h	32BDA9944D2742B99D90AFDB2915AE6F	32BDA9944D2742B99D90AFDB2915AE6F	exact
cm/collisionmodel_asm.h	.h	D305EFBE497CFA34DF1F8E4B8CA10721		missing
cm/collisionmodel_contacts.cpp	.cpp	B528E6E95D9B3ECF999F09941CA5FB3E	C9DFA5AD62512D6CB4AB18884A50F2B6	different
cm/collisionmodel_contents.cpp	.cpp	E37DD911A62B95C8AC3480CC700FACE6	8EF0C573A084B4B16553DDC0FCB5DF8C	different
cm/collisionmodel_debug.cpp	.cpp	5D721FB9B901434726A0309DCDE6F588	B1B3953E5B4B8E6021AB452C75343D10	different
cm/collisionmodel_files.cpp	.cpp	811FD99EC34918BBCBDE22DCAF97B492	F07843C739072F153CBF9A674836437A	different
cm/collisionmodel_load.cpp	.cpp	5D36DBBB2901D346D12E37295E0FB7D0	131D9A8DC2F34C5697228D27EA82F0FB	different
cm/collisionmodel_local.h	.h	916AA947F602E2BAF0F5042903B93648	7A19F76E240D5ADD5BE4D8F9D117064B	different
cm/collisionmodel_rotate.cpp	.cpp	F3557117A82614ED8D1B6D74D68FE21F	0A7F13B06843E4D1DFD2540588D5C55C	different
cm/collisionmodel_trace.cpp	.cpp	DE43C367911D1B166E01CD8CE379995C	9A6F5995C85162D381B6B1000FB2E2EA	different
cm/collisionmodel_translate.cpp	.cpp	ED4603BDB944C14321D3DA53F0AFAD50	9F2AD82C82C53514EB24F24CBFAFF959	different
common/common.h	.h	A996CA1A84B8A9EC2BEAA31A59C231A1	A996CA1A84B8A9EC2BEAA31A59C231A1	exact
curl/include/curl/curl.h	.h	54090050C19F2592BE7E609BBA7A14F3	F922A55492EF4C46B6CD3985016AC6C9	different
curl/include/curl/easy.h	.h	DFE7BB66002ACB32F88F65AEC8F3ABFE	AC27A46758812491BB755E25C53B4C2C	different
curl/include/curl/mprintf.h	.h	EDFDE1FDCB2E8409FEDC3C47B3DCD2F1	3B738E6E22D009FEED160270196799D0	different
curl/include/curl/multi.h	.h	81E8C12ACD423DC5423915B5E7B08F4A	FD54EB83A785C84F483AF7912C50A9FA	different
curl/include/curl/types.h	.h	3BC83CC40C265D4A093A6BE72D5C2AE7	E5762DDD2A7BB4143C21FFF24607C96A	different
curl/lib/arpa_telnet.h	.h	77F1A965B2DB33BFF5C9330CF2599587	104809302D33D36211A501F536BDB756	different
curl/lib/base64.c	.c	EFF842FDB913752A58D69D132B511D9A	08DDAD04CF1F085EF2843A3D9CEE7C64	different
curl/lib/base64.h	.h	844CFB76249DB7C4DDD474BE0E69CF9E	BB62670306DF5D938F8D851F2EC4FD9C	different
curl/lib/config-win32.h	.h	DA0FA74BE1A7E1B311A3D81A7A1E6CFB	189A483FCF0524A5472A5BE53B174979	different
curl/lib/connect.c	.c	0784A2548B77710FF480C2EA0659D3CE	7CAD715EAA935C2E8647A87E7B149DB1	different
curl/lib/connect.h	.h	1CE59E7ED6486F7E0D23E644F625544F	8CA370B27A3DDB74CC82C3C7BA08C11C	different
curl/lib/content_encoding.h	.h	DCBAD232A09AFB71F26D300BB834AB40	BA55775FABD8D53C7738198F73EB2B75	different
curl/lib/cookie.c	.c	83A28D810318FB6D2F245F6C6B9BBD87	93AB549ACCA34B42B4032B95537F27D5	different
curl/lib/cookie.h	.h	FF72390748E757D540D6FB88BC4F3CB3	598D2095539A998BA9A9926E76AE7897	different
curl/lib/dict.c	.c	6B8D259DC91DF01B04FC73078964B2F4	2E3597F2746847AC9FC23C4BAED10323	different
curl/lib/dict.h	.h	A8FB2E514B7D80EB8947E7A39E7C211D	D9C8A0CFDAADC1D015D8AF0141B1B7D7	different
curl/lib/easy.c	.c	D3FA77FB850ED8FB62AC9B84A26C9074	9C93896E6E34F6A56D5833EE029E13C8	different
curl/lib/escape.c	.c	FE641AA262E72F673EC4C0E68F8FA1D8	E41DA1A3FEDAD96E8F90A3975CCE7181	different
curl/lib/escape.h	.h	3F0F1673DBDE21B11A61019989A25D73	C1C54D1F14D51795A9EF1C23118877E7	different
curl/lib/file.c	.c	7D63BF85BC379C698DED61DEACB7A9BB	F377D2914C5D89411C1AF44EDE1E4B83	different
curl/lib/file.h	.h	DD562C597971F7EBBABC5796C6AB94C1	4B9FA2D4421B12BBB1AB728CD0439E0E	different
curl/lib/formdata.c	.c	60516A2A15F3CAFABEF986B071740CA8	41125726F8FBC91F9B3AA5477B2B0247	different
curl/lib/formdata.h	.h	21452861B1DF2F52862FC5630AD2969E	5747E33061F1DDD062B8341ADDC17CD7	different
curl/lib/ftp.c	.c	13E63595F8449697D8323F973A628C79	7A1FE995248C9AF29C2EDC9E3CCCB4EF	different
curl/lib/ftp.h	.h	D1674DFF8F8F7C55F42A289F08E7B396	A0D6D57817D64685FC20D37A43070F5E	different
curl/lib/getdate.h	.h	843E8EA1282662789467DD5215D85CC8	12AA48D24C89482191AC15FD09085BEC	different
curl/lib/getenv.c	.c	27D7C60AE0F796C05CFFB845B41E7BF4	10CDBA26FFD32DC1995D896F9C96EB30	different
curl/lib/getinfo.c	.c	A5348FB815A454366D095550EAA8F65F	63EDCAD031FCBEAB62BF5E07509B85AE	different
curl/lib/getinfo.h	.h	93934455CC1C20706BD1C35EFC5CBEC2	61D0C0081FDCF6BDE60635DE1D5C48DF	different
curl/lib/hash.c	.c	C357D0CC4C42471FBC653FB855012797	BE59A6D9E5FB9ACE37B7A0845FC86426	different
curl/lib/hash.h	.h	58BD5BD1EC6941FA99060C20BBAC1C01	330EE76592635BCA03563291D5D7DF9E	different
curl/lib/hostip.c	.c	635BAA2063F8C7364DD645DF126E76ED	CA6D90849EAEF1946875B1FF5A0178F4	different
curl/lib/hostip.h	.h	681745D00B49686604A54BC8D54634CC	84D14607B84B8E93A4E408998DE18F01	different
curl/lib/http.c	.c	11407A78422C4EC7C5F027DC5BBC8DBC	A10E4DADD2CB8B441DD35F58E92F3CEF	different
curl/lib/http.h	.h	F40238E2001E7C3B32788EC176F92D56	5E011A7DCCD018F6FB9BF59F49B12293	different
curl/lib/http_chunks.c	.c	C32B673DF38993BAC4CAA692C8F04A57	BC32D0FBC7C3FB4CDD41FEB6E282AFE8	different
curl/lib/http_chunks.h	.h	4A685051A426602F2DEC8D5A8B61E1B1	A2DA120570176C7C921174839D60E8C5	different
curl/lib/http_digest.c	.c	121094189D31197D5D5501E962BAC170	2BC8825FD4A187FA4C0F17C5F93AC8F9	different
curl/lib/http_digest.h	.h	2C3BC2C31F8D2380AB6C38A4F8CE6ABE	72F7C2FBA26D161DBFBCA542F81CC6EC	different
curl/lib/http_negotiate.h	.h	805124888847FE0DCD9595E818028B6F	90E27302261A87AFFD1C9C2ECEAF0397	different
curl/lib/http_ntlm.h	.h	77F4160C567D4F806DB8E9D05ACA75C3	8CB76D81C6C5B4F73E6FE743BAE149AF	different
curl/lib/if2ip.h	.h	FAA30E8EE01015C90655C429E34DCE9E	677052705E96D351C2CA31B2AEC9707B	different
curl/lib/inet_pton.h	.h	B5CF264FE970DD69E4B4A39966B6140C	256ED6029DF22F5DA33B6B6C7B932274	different
curl/lib/ldap.c	.c	14C53ABB4AFFCE41DCAD52438E396BE4	6B544CED877EDC532D700C824365B673	different
curl/lib/ldap.h	.h	C085710C50D00005DBC740AE33BD3E1B	00C9C06476AAD24C8457F269C9488CB0	different
curl/lib/llist.c	.c	8B1F5AFB884F11C1B2858836CF0BAFF0	22566EA4B0139521217C48773C1F7CA8	different
curl/lib/llist.h	.h	D308A52B91D806A087F92D741D14B2D3	5DAB62855BA88EE4442A4C574A2C01DB	different
curl/lib/md5.c	.c	71B24C95F8AACEB127356F9546772E02	60E48FFE71741EDF62AF49A2833DF90D	different
curl/lib/md5.h	.h	5E3FC8CC437D7A473DEC8FFD33D339AB	948BCB4FC188AE4E5FF183F3277FF8D1	different
curl/lib/mprintf.c	.c	B4608DCDD70597B73D040FB268B40C68	54214A6F143CBC458190B33BACCD6BF5	different
curl/lib/netrc.c	.c	36A5158A87D2BE844F92533FAAD36505	74DD1674D7223817DC1564D9963C01D7	different
curl/lib/netrc.h	.h	EA99DEA328D13C599CF9DDA070C27C97	7F75EAD866DC1C43F1CDAD6859F0F0EB	different
curl/lib/progress.c	.c	DD033B5AB999F4C7B2D2DF2B8230EFFA	E16E3671D6DBA2A39DA46E08E51E83A0	different
curl/lib/progress.h	.h	B31207823475CEF9800DD3F44A48DC98	FEF8F96E9BF679F34D2458108C18628D	different
curl/lib/sendf.c	.c	602B2FC9482305CBD84732D50BC4D840	5ACE625B11585B1E1E049D4FFCB35872	different
curl/lib/sendf.h	.h	27D3BBE75CCD92CB1BC05BE7BB09FABA	04AA0BCF33D18DC133A502E74015918D	different
curl/lib/setup.h	.h	C21E30E5419BB86BC29754C518C51D80	E68019C021453F5D37FD223B4446D507	different
curl/lib/share.c	.c	9A3D4E5F30EAA1D494947B6F38969C6A	1499A172819A594E791EB743E051C057	different
curl/lib/share.h	.h	FB18E4F0367B2F598B508536B5656F14	6F66F74C64C8A104819A72E4B2B7DB5E	different
curl/lib/speedcheck.c	.c	D42649F42DCD93A2AAD39771350C5272	8928F6634FD88D80E072AD24F3A6A36F	different
curl/lib/speedcheck.h	.h	4D041274A0A091FA0F3AF3744B5D48D9	491DA346934EC59C756A7D0DACC39AF3	different
curl/lib/ssluse.c	.c	5689D9A674E2DA00F0F5E1D850CA41EC	21D56FF25C35629AE69469AA0A8B3110	different
curl/lib/ssluse.h	.h	36F1A07F14AB9B9032AEE2AD5C82BE80	3102E0F1989EB316CA45D5500477489B	different
curl/lib/strequal.c	.c	20F0EB5B2FA9AC0CDD3A4EC4CCB3415B	8D468DA09CE50B86FF11516E4294431F	different
curl/lib/strequal.h	.h	5234AD4758817154B974009047FBB96F	562535E61731103F3F677B675F68CEA4	different
curl/lib/strtok.c	.c	DD4F6D2B9E0DB97BBC0F10394A858C4C	C6D3D77417A7824F4E02EA053B18C8E3	different
curl/lib/strtok.h	.h	4B51C678654F95CD7DC5D3EA086416B6	CC83F0F8B1E89CEA69AF134127CDD0D4	different
curl/lib/strtoofft.h	.h	976E007079B1EB226AF45E419CB4C14D	60173096F141FC2E10D3E60320254835	different
curl/lib/telnet.c	.c	67FE24A04E4398EE0FE43C3DE7214F57	7CE74C9706EDD5B5F6599F7BFAC0D757	different
curl/lib/telnet.h	.h	B0B6D9399EC4BD16066E6702C573D8DB	B6159C7074DD7A8D91F1A98A110DCC91	different
curl/lib/timeval.c	.c	EA8DFA7A92A67E4BBD18EEEF52C869EF	1B1EB3165A84FDCAF85DF5D6DD196F6E	different
curl/lib/timeval.h	.h	D3304E0319D29CC731AB8444AF8284D2	332665F3301573FF1F83DCD701CF57E2	different
curl/lib/transfer.c	.c	110AADC9576814BF57DF387A716C7319	A18E9E30BED75A0213913730BBAB5C0E	different
curl/lib/transfer.h	.h	E9254D86042F253B136DF99B5D05E4BD	6B8EFA649513B46030EE28230B77416B	different
curl/lib/url.c	.c	8F9D9F44956D0E1313717CF9FD85AEAB	4D688C4AED91025384FFCD8FE876D6C9	different
curl/lib/url.h	.h	19E6F1FF80FEA8D10A9DD87D18935456	86ECDF795A5AE772E01741597F871B52	different
curl/lib/urldata.h	.h	AD68D29CE98A8E514EA6FE26B6F9EF0B	BF2B4CD9007BBD8F4BDFDB1384CB3E80	different
decllib/declaf.cpp	.cpp	BD61A65221CC23331CED036464281D84	576033ECC4C070C36FB05B3AF99B28A3	different
decllib/declaf.h	.h	8AE67107F1F3052A78DB4B74C6A75970	8AE67107F1F3052A78DB4B74C6A75970	exact
decllib/declambientcubemap.cpp	.cpp	3F2E40247C8F7DADA20AF9BBB5089155	99DA15467C8098666CA65B5538489E9E	different
decllib/declambientcubemap.h	.h	21F30D32BD52C8D564D02D0114BD39DE	21F30D32BD52C8D564D02D0114BD39DE	exact
decllib/declatmosphere.cpp	.cpp	A56C556C681A2A2833E256C37ADB2819	749D79A554E5021A36231B8B80A48B68	different
decllib/declatmosphere.h	.h	A9C6E532039978D8595FEF436FBE5220	A9C6E532039978D8595FEF436FBE5220	exact
decllib/decldecal.cpp	.cpp	FC05AFAB19A993C201EC90CAE859560B	8308D421B443394E642D548D0097D54A	different
decllib/decldecal.h	.h	EC1F7EC275C6C1D80425D0171C2CAE97	EC1F7EC275C6C1D80425D0171C2CAE97	exact
decllib/declentitydef.cpp	.cpp	DC6CC4509AA15D7912B08404C4681345	92DC1055E9CD1AB6B8F9B758ADBA7423	different
decllib/declentitydef.h	.h	D85DC66DDD7D64E058107A302D59C6C2	D85DC66DDD7D64E058107A302D59C6C2	exact
decllib/declimposter.cpp	.cpp	457981168B1698C452F63178D71012B6	F687654C60DAC0A9DDC10A91A535478C	different
decllib/declimposter.h	.h	F01C39632B2870B701349AE64586EB3E	F01C39632B2870B701349AE64586EB3E	exact
decllib/decllocstr.cpp	.cpp	B008D2F2097C9AEF5B197361D3D78B0D	1873ECB51645E317BC759CC11C9100E3	different
decllib/decllocstr.h	.h	CC785B7F06BD530A2908D4EA1A24AC74	CC785B7F06BD530A2908D4EA1A24AC74	exact
decllib/declmodelexport.cpp	.cpp	3DBD34507E0984690D9BB6C75E67930F	9E0A8A70BF59F6A8438BF0611B5105F4	different
decllib/declmodelexport.h	.h	3F996A8A30BABF984760609172C4B004	6837D44AE1E9181D5D3474C8DD9279C9	different
decllib/declrenderbinding.cpp	.cpp	49FF78625B26B35F96E3B3F49E9E054E	CB738A454F00C9404E88B674CBF69ACA	different
decllib/declrenderbinding.h	.h	5050A3DEEAE67BB43142D0BEFB98E352	5050A3DEEAE67BB43142D0BEFB98E352	exact
decllib/declrenderprogram.cpp	.cpp	FBB873372DA598097C9BBDF6A31610DD		missing
decllib/declrenderprogram.h	.h	F6FE56DC1C197F12F37EE91504F92088		missing
decllib/declrenderprogram_opengl.cpp	.cpp	9538A895883B32AADCA5B33EAB397F05		missing
decllib/declrenderprogram_opengl.h	.h	18377D84D1CC1DFF698216EF75342824		missing
decllib/declskin.cpp	.cpp	AD81034294D4E8BD7536EAEDFD733C9D	5E9A78B79155E32A609EEC2E037C5DED	different
decllib/declskin.h	.h	BFA479A03B023123E655B13D0BA53C99	BFA479A03B023123E655B13D0BA53C99	exact
decllib/declstufftype.cpp	.cpp	410F3634B07675B4C6C57FD808DF2A74	F0BEEA923226AF4DFAA6633829D40D97	different
decllib/declstufftype.h	.h	D64FC1DD37BA22E8B2C80C1B0A3A3E5D	D64FC1DD37BA22E8B2C80C1B0A3A3E5D	exact
decllib/declsurfacetype.cpp	.cpp	2630A317D8379BA0F240C59FB8170F20	585255922C343BE8C56059164A077676	different
decllib/declsurfacetype.h	.h	052EE399CD8023C250855F1B4B229633	052EE399CD8023C250855F1B4B229633	exact
decllib/declsurfacetypemap.cpp	.cpp	3F51C08CDEA5C295C35B5B6AC6DDEA61	BA9E1E6FC6482735CD6DFDD5349673A0	different
decllib/declsurfacetypemap.h	.h	8A1BF3CE858479E2D73B0EE114726A20	0C5589EA1932111C3B2BBA35D1D5FF38	different
decllib/decltable.cpp	.cpp	AB927630FEB8288932EC8F01D3CDB289	7142F06117F82CDF7AEBC083BA32954A	different
decllib/decltable.h	.h	9C51336130B968EADDD30D4D13E213D7	9C51336130B968EADDD30D4D13E213D7	exact
decllib/decltemplate.cpp	.cpp	35ECF59E184E267937357687859BFEC0	ACCBA0CE61CBFCA05FB33493E7B20AA5	different
decllib/decltemplate.h	.h	B9E3985543AF93C269045D5BF37217CE	368E4FA79B0EC8E57182AAFBAFEE8194	different
decllib/decltype.cpp	.cpp	22AF366222733CCF4F0A162512B22FA8	80D92E743D108E1B7D94C56CE1BB52F6	different
decllib/decltype.h	.h	B1BDCBBE77F0275BE8598E7C4AB03674	B1BDCBBE77F0275BE8598E7C4AB03674	exact
decllib/decltypeholder.h	.h	A16AE07F2098F1F580F2950C0682830C	A16AE07F2098F1F580F2950C0682830C	exact
decllib/precompiled.h	.h	B533EF5449142BE8D07CDF88721713FD	B533EF5449142BE8D07CDF88721713FD	exact
decllib/renderprogramparser.cpp	.cpp	D76FA98DCCE37FBC98F462FEB6612C2C		missing
decllib/renderprogramparser.h	.h	0E9AA23F311C514B899B50048983EED0		missing
framework/admanager.cpp	.cpp	A2EADE5809DA87008E9013485D8E29B2	25C5F52A3CF3D252A9B025C8039E1E9A	different
framework/admanager.h	.h	1A2127CAF50733CEA466D397C0794F23	1A2127CAF50733CEA466D397C0794F23	exact
framework/adobjectsubscriber.cpp	.cpp	0A24C8CD62B77F27474D47399D5744E0		missing
framework/adobjectsubscriber.h	.h	BD10D52FE972CCBBB73C13DDEE3060B6		missing
framework/async/allowfailurereason.h	.h	E935AC920D61FD648D73A3A404B9D707	E935AC920D61FD648D73A3A404B9D707	exact
framework/async/asyncclient.cpp	.cpp	140F2679CE5412D12A95F1DAB4A19355	3093398B137DFF8B5C0CCF35DC7F8350	different
framework/async/asyncclient.h	.h	244D0F6C288400EE57F1F797537B32E6	1AD782A28063EE12E9536593C1CCF06D	different
framework/async/asyncnetwork.cpp	.cpp	CC12F333587E4E77EBD268CACB56F0A9	42A11148D3883E0F3561254827E42753	different
framework/async/asyncnetwork.h	.h	A956E796666FE854695821944C28DF3D	88CC8FB5BFB272233314D40CDE281BE1	different
framework/async/asyncrepeater.cpp	.cpp	F5FD79ABAB2090600640485CADCCC24C		missing
framework/async/asyncrepeater.h	.h	A4B775EAE07A90529ACFCCB4E2E36F3D		missing
framework/async/asyncserver.cpp	.cpp	0EF06C7621B26992C382370C752D1B2D	D6D438BCBB9584BA3DFF1536F3954996	different
framework/async/asyncserver.h	.h	7E2BF775E7691A5B67505B2C32556434	CE0C73CC4AE1D1BD918C857BDFB5FBD3	different
framework/async/asyncserverbase.cpp	.cpp	872C06B2E0C2F0C48E5022370C07143E		missing
framework/async/asyncserverbase.h	.h	EB53ACB07C6395751C46808E3074CA28		missing
framework/async/asyncupdates.h	.h	169DE4E5C5F9486B0DC01A810F218C19	169DE4E5C5F9486B0DC01A810F218C19	exact
framework/async/demo.cpp	.cpp	439FDC75F981A05CBC9CFDF13F48F0D0		missing
framework/async/demo.h	.h	D8A0B84E00A7BC0D022B6AE81896F265	D8A0B84E00A7BC0D022B6AE81896F265	exact
framework/async/downloadserver.cpp	.cpp	3884B1BBB29F96ACAC8D362F6ED004D0		missing
framework/async/downloadserver.h	.h	E2AB1F2234E49F9592E83995431482EF		missing
framework/async/msgchannel.cpp	.cpp	5A39D39E95CEC4A206A8B4A3F57F0C94	21DEE8ECF2889E00EABF82E26D72B1E7	different
framework/async/msgchannel.h	.h	B415008AC3B4029A9B9F577A7B61E00C	30EB861721FE1A0475D816C76B967B1F	different
framework/async/networksystem.cpp	.cpp	24B65689611E2D64221BCE0E15E2D536	934EFBC89AD309FCFBA106521E01C22B	different
framework/async/networksystem.h	.h	7B8A272C1181DF012EA493623A7C4E70	240775F93587596848D42129A16F22A5	different
framework/builddefines.h	.h	0F041819E1864439C2DEB49AC7F9C651	67DE7EAA4A9C835F56BB785649C35E9A	different
framework/builddefines.inc	.inc	98C36332B79E1BF0A8ED1EB049A67084	A463919223543C276A96CB1D64BF509A	different
framework/buildversion.cpp	.cpp	4B8484A457D8E7D75553DE21BE7B957D	64B4D1F210AB6A95241D91BED561F62E	different
framework/buildversion.h	.h	4BAF50F0E1A0F7FF9A00B5D6A9559EB6	4BAF50F0E1A0F7FF9A00B5D6A9559EB6	exact
framework/cmdsystem.cpp	.cpp	67709EB37A0297AC2259C3F249FDBC5F	95BB4434F3EA7D74E2F4A41311FB5DE2	different
framework/cmdsystem.h	.h	741AAA9B4C34817F119578343A905EE4	741AAA9B4C34817F119578343A905EE4	exact
framework/cmdsystemdeclcompletion.h	.h	91F62693E5F8AB07FB15BC4F290E4C8F	91F62693E5F8AB07FB15BC4F290E4C8F	exact
framework/common.cpp	.cpp	461EF854269CF533735DEC4395650439	4D83BD9C8B59E404CA8CCFA9C28E9C91	different
framework/common.h	.h	82B034BCD3EEA000E827AD7BD7843190	7E61AA8D97D021B6E90CE0985D390646	different
framework/common_public.h	.h	B7A61CD5AAFF666C9C5FFFBE7FE9EA58	74743BA904BA46EEC2C665BF84D37BD4	different
framework/compressor.cpp	.cpp	10B94E864B59F715BA19F7C4EE7AA4EB	3C29F980E3EEA35D5D613BF56FD5F1C5	different
framework/compressor.h	.h	9F655CC2EBFC0D95B8947ED5CC01C134	4F66D9CEB3DDF7F62EB04D13BDB50C66	different
framework/compressor_fixedhuffman.cpp	.cpp	4D750DC3F2D67A55E087FF9B3F2E986F	2BBF756B6945640E0A3E04AB37AF8F80	different
framework/compressor_none.h	.h	4FA85A676F0891ED8C972EC2CA2C9290	BD04756688A3E2A6B6C2D3B80AD8430B	different
framework/console.cpp	.cpp	5056E648F7EBEC0E774E04EC35EA97E0	1900A753D15EC07523DA5B21C8C38B35	different
framework/console.h	.h	D0EBE0785A154B3F35AA51E453B6232B	C56208C8B987D0F5E840E1AB3D0D3ED9	different
framework/cvarsystem.cpp	.cpp	B71DFB19530B8E3EC6C01034D95D8303	9C4935CE9107AD292CA97E7D66D5C37C	different
framework/cvarsystem.h	.h	EAD396B4BB95D3B0693FB2301E83D2E4	EAD396B4BB95D3B0693FB2301E83D2E4	exact
framework/declmanager.cpp	.cpp	AF8EBD46A6859D3283BB01421F06C941	BED8C489B4BFFD4BBF75BCED638B4486	different
framework/declmanager.h	.h	F5551671E386F0B5BF7C36912B4FB7AF	FF6AD32F5800ED13F332CD710C013A1D	different
framework/declmanagerlocal.h	.h	C0A91370E498B770C2D50F090A57E013	55D29F014EFAA3054472E6C5413CAEF4	different
framework/declparsehelper.h	.h	85FF3088713B0BB6E51AA4490D159158	85FF3088713B0BB6E51AA4490D159158	exact
framework/demochecksum.h	.h	843EEF2B5CD3E0ADDE9951F70A7DE53B	C75EAC6E19A7116D04190EC132005C40	different
framework/demofile.cpp	.cpp	5FE12350AA6C5924C3DFDCD6BD3446C6	D14D13FFA4272282290161224D7C3805	different
framework/demofile.h	.h	0FCD368DC129CEEB70B4B19462E9415A	08C7C8AC4B25A175FEFECFDA7D9E56F6	different
framework/editfield.cpp	.cpp	CC5251F77ABA72D3553E7574C118B6C5	5B349E1AADEE0A39F0F3B63B8211565B	different
framework/editfield.h	.h	8EC5AF5F5268920290FB5066F9E6FE38	E4148BF29BF0912DC7FF1CEFE4234BAD	different
framework/eventloop.cpp	.cpp	3E393F685D6823A3FF6327D2C7B60B2A	3BAC18EE674B6E7105A83D5CEF279852	different
framework/eventloop.h	.h	70C8E0310D14CD0785C264433F9B8795	1C58492E7FE8484176768FEC0FA5EAC5	different
framework/file_inzip.cpp	.cpp	EED5CC21735CE5E673DC36810F089D14	160EDC17A990A3A8C7F749CD4BC41904	different
framework/file_inzip.h	.h	3DFDA5922CA53F7796B680B1AD576B8D	3DFDA5922CA53F7796B680B1AD576B8D	exact
framework/filesystem.cpp	.cpp	79AE3B4630815E1354E3063A991BEB52	F07B4B40C1FA3F1D5BB8692EBB00FA9A	different
framework/filesystem.h	.h	C4F30825E9178D5AD6E68E56366A0E98	C4F30825E9178D5AD6E68E56366A0E98	exact
framework/graphmanager.cpp	.cpp	8FA31C6E7E38A561A7217A9E5B70FD91	0709E73AB48348B645DD376BE381AF0F	different
framework/graphmanager.h	.h	2C6C3C8F07FB4B443D647549E97BBB9B	2C6C3C8F07FB4B443D647549E97BBB9B	exact
framework/keyinput.cpp	.cpp	9FB0B6C092F36D0E615E6FC893C06572	7B29C28145BDAE9424ABE50889E5E9AB	different
framework/keyinput.h	.h	419B0BA1DA0FCAE056A40C795D889EA4	419B0BA1DA0FCAE056A40C795D889EA4	exact
framework/licensee.h	.h	351EAB4E8D6B5A36C2BE207B9DCE98E7	3B0A050329A5CA845A6E3FA9DEAD76EF	different
framework/logitechlcdsystem.h	.h	420C954FF0D1CA48B438B665B9B1E9D6	420C954FF0D1CA48B438B665B9B1E9D6	exact
framework/massivethread.cpp	.cpp	0DD48FBBA1414B8826ABCD6A2A1FC2CD		missing
framework/massivethread.h	.h	C247FAA3D3F10E047E81AA32047F1A20		missing
framework/minizip/ioapi.cpp	.cpp	FE40078106F0D68505A0C64066D67AFB	E772BA9FB98505ED80CF02A91D36E583	different
framework/minizip/ioapi.h	.h	B81794326DDF0A147EEA421157829A57	66A1104147319EA0001EF2B571533779	different
framework/minizip/unzip.cpp	.cpp	518040F8B51781D37C86FDD65C2F4C59	82AB12357BA8FA49974AABA3362506F4	different
framework/minizip/unzip.h	.h	FC0957CBD67F502ECEB607B7E9C89326	9312154A48290CE6C45B2C8BA34B8B99	different
framework/minizip/unzip_internal.h	.h	D0571AFFEBB794A9F258A109614D5A15	47E3189A6BFC19B0D892E9F4A192FB7C	different
framework/notificationsystem.cpp	.cpp	047439CA28ED9B6804F9AB649A8E84E5	360292CA084535C0A819C4392E849B04	different
framework/notificationsystem.h	.h	B96F9E17777BBD16944108728A25ED58	B96F9E17777BBD16944108728A25ED58	exact
framework/notificationsystem_local.h	.h	E37505A38066913BB07B5B252BA1F210		missing
framework/precompiled.cpp	.cpp	C80D17D01B54DDEE670118C2BABA8129	13D82C9B488B72839833758C059E03CC	different
framework/precompiled.h	.h	DC1CD0DC4B0C750B716154D39B6D1AB6	0423DE7F6F9934297DCC73CE522C7020	different
framework/session.cpp	.cpp	0A93BA43BBF5345110C3B9A9BD193AB2	E245381C701C71693738AF25BBC27DCB	different
framework/session.h	.h	5CCAE97DA9A7A11068B98B0ECBC1F169	5CCAE97DA9A7A11068B98B0ECBC1F169	exact
framework/session_local.h	.h	B0376C42D8E7FD39796B7581850367E3	6D1564118AE7058699C59D6A667125FB	different
framework/session_menu.cpp	.cpp	D38743243FB6FB4011B638496234DEB9	415F5011BB82BC6394336505AAA547CE	different
framework/toolmanager.cpp	.cpp	990A7DC910131D12F42DBA6A901332BA		missing
framework/usercmdgen.cpp	.cpp	963DA3AA06B992832C9DDAA2AFCE154B	36B0654568D3A6E43BAF0F8763FFED81	different
framework/usercmdgen.h	.h	84E27FB31ED22E58E0062EADC3ACC18E	84E27FB31ED22E58E0062EADC3ACC18E	exact
game/botai/bot_common.h	.h	D2CED96A271DF6F9AD5622BF95591B06	D97FEAE9EE346D38435A2D52FA323925	different
game/botai/botai_debug.h	.h	524E9103912AD65A7138001CC711A83C	524E9103912AD65A7138001CC711A83C	exact
game/decls/declgui.h	.h	4572368E875F676BE8A678D8A2A38B87	4572368E875F676BE8A678D8A2A38B87	exact
game/game.h	.h	A7C925B1ACF9C4DEDDA4430F75F6E2D5	A7C925B1ACF9C4DEDDA4430F75F6E2D5	exact
game/guis/uiobject.h	.h	08BECEB57E38C8694DF4611529FF4C46	08BECEB57E38C8694DF4611529FF4C46	exact
game/guis/uiobjectscriptstate.h	.h	9E4F3203AD0059F74B5EE1E40F206C18	9E4F3203AD0059F74B5EE1E40F206C18	exact
game/guis/uitimeline.h	.h	B262663FD94C1566F76276F42CC1B627	B262663FD94C1566F76276F42CC1B627	exact
game/guis/userinterfacemanager.h	.h	7208C71CFF528CF9ED44ADD3D5256F91	7208C71CFF528CF9ED44ADD3D5256F91	exact
game/guis/userinterfacescript.h	.h	CBC113147B4E5E51912992750E86CE1E	CBC113147B4E5E51912992750E86CE1E	exact
game/guis/userinterfacetypes.h	.h	3F731F7FF158271F4D7025D28FA9B9F9	3F731F7FF158271F4D7025D28FA9B9F9	exact
idlib/autoptr.h	.h	85A09104AC3DEF2356DD97243E261FE2	85A09104AC3DEF2356DD97243E261FE2	exact
idlib/bitmsg.cpp	.cpp	17DAB3267EB33385C760B84EA6071D12	17DAB3267EB33385C760B84EA6071D12	exact
idlib/bitmsg.h	.h	9A434D2D3D3233D0DE2E878D3FA1C726	9A434D2D3D3233D0DE2E878D3FA1C726	exact
idlib/bv/bounds.cpp	.cpp	83730DC6E36BAFFEA0FDF62D6C4CF71B	83730DC6E36BAFFEA0FDF62D6C4CF71B	exact
idlib/bv/bounds.h	.h	B057788B1C0F1EC2A9F6A632CEC5790D	B057788B1C0F1EC2A9F6A632CEC5790D	exact
idlib/bv/bounds2d.h	.h	4B7173554A6B6BA1C25C9414DD8C5BFF	4B7173554A6B6BA1C25C9414DD8C5BFF	exact
idlib/bv/boundsshort.cpp	.cpp	A0BABAAE64AF6B86898BB0754F9982A6	A0BABAAE64AF6B86898BB0754F9982A6	exact
idlib/bv/boundsshort.h	.h	EE477220BD7C4A2BC424BFC3C3754B7B	EE477220BD7C4A2BC424BFC3C3754B7B	exact
idlib/bv/box.cpp	.cpp	A6572A2966CFE063530451728E56D591	A6572A2966CFE063530451728E56D591	exact
idlib/bv/box.h	.h	ECA0E7AD576232A83E7624F0E0C1A033	ECA0E7AD576232A83E7624F0E0C1A033	exact
idlib/bv/frustum.cpp	.cpp	EA8DFD241EE9C0BBB16D75929F71183E	EA8DFD241EE9C0BBB16D75929F71183E	exact
idlib/bv/frustum.h	.h	71B5E1694D2392E8438AFC2A55B98BE5	71B5E1694D2392E8438AFC2A55B98BE5	exact
idlib/bv/sphere.cpp	.cpp	D469876038EF122B576D420E1B26226B	D469876038EF122B576D420E1B26226B	exact
idlib/bv/sphere.h	.h	D34AF680B663FD74ED1D7E5064BB88AA	D34AF680B663FD74ED1D7E5064BB88AA	exact
idlib/callable.h	.h	AAABA7F28177FB1CA78D315BEDA42C35	AAABA7F28177FB1CA78D315BEDA42C35	exact
idlib/color.cpp	.cpp	5B9C8B7C0B3CF11244E90405828323A6	5B9C8B7C0B3CF11244E90405828323A6	exact
idlib/color.h	.h	EDB203EF0A5D3C1922CF5EF8AB8BB4F2	EDB203EF0A5D3C1922CF5EF8AB8BB4F2	exact
idlib/containers/binsearch.h	.h	94DC3501874CC099F380A6E847A6844E	94DC3501874CC099F380A6E847A6844E	exact
idlib/containers/bitfield.h	.h	5B9B021D0D9CE25921494E4DE7710B10	5B9B021D0D9CE25921494E4DE7710B10	exact
idlib/containers/btree.h	.h	941A6A712075B2D7B5A74C4D1BA0E603	941A6A712075B2D7B5A74C4D1BA0E603	exact
idlib/containers/deque.h	.h	49090A4209EA4CCA4FC17B490F445A7A	49090A4209EA4CCA4FC17B490F445A7A	exact
idlib/containers/grid.h	.h	7208C348AEF5AC9A5761BC5A1BFD9B36	7208C348AEF5AC9A5761BC5A1BFD9B36	exact
idlib/containers/handles.h	.h	4383B3B9B3EAE5AC150B153BFC271C51	4383B3B9B3EAE5AC150B153BFC271C51	exact
idlib/containers/hashindex.h	.h	A2F5AB1FC311170FF52695533CBEFBB3	A2F5AB1FC311170FF52695533CBEFBB3	exact
idlib/containers/hashindeximpl.h	.h	F193BAFAAEEF480DAAC2F9AB1B4B4AC4	F193BAFAAEEF480DAAC2F9AB1B4B4AC4	exact
idlib/containers/hashmap.h	.h	636D7A30F5B6E8B7974B36658395AF05	636D7A30F5B6E8B7974B36658395AF05	exact
idlib/containers/hashmapgeneric.h	.h	78829C14980F01C8809C898A0F53B8FF	78829C14980F01C8809C898A0F53B8FF	exact
idlib/containers/hierarchy.h	.h	D91BAD08093086896A2448C2062AD687	D91BAD08093086896A2448C2062AD687	exact
idlib/containers/linkedlist.h	.h	4699706851A5637B00C26F475C2B7694	4699706851A5637B00C26F475C2B7694	exact
idlib/containers/linklist.h	.h	65A18A2BC2649DFAE52DE0347F6DE8B7	65A18A2BC2649DFAE52DE0347F6DE8B7	exact
idlib/containers/list.h	.h	46E11B6097C14DDE73EE34FF5E7316E7	46E11B6097C14DDE73EE34FF5E7316E7	exact
idlib/containers/pair.h	.h	79279A167B393E014BF0E5E51EF4E217	79279A167B393E014BF0E5E51EF4E217	exact
idlib/containers/planeset.h	.h	8C421D7BA4788E42D6A9DA6F832C234A	8C421D7BA4788E42D6A9DA6F832C234A	exact
idlib/containers/quadtree.h	.h	21C39A266E861C9DA05A3D8F0AA1D4C5	21C39A266E861C9DA05A3D8F0AA1D4C5	exact
idlib/containers/queue.h	.h	5E6768BF2CFABBF25F4AA0A093BCC0A2	5E6768BF2CFABBF25F4AA0A093BCC0A2	exact
idlib/containers/stack.h	.h	4FD8870A9797B151BB0B24D4602FDD4B	4FD8870A9797B151BB0B24D4602FDD4B	exact
idlib/containers/staticlist.h	.h	628B4C748427275715D591436187619C	628B4C748427275715D591436187619C	exact
idlib/containers/strlist.h	.h	33A8431A25FD32E2113B63F0EC182278	33A8431A25FD32E2113B63F0EC182278	exact
idlib/containers/strpool.h	.h	695297936B3C3BA35E7B65411D42862A	695297936B3C3BA35E7B65411D42862A	exact
idlib/containers/vectorset.h	.h	77DC047EB571DC486A2978876CBBEAC8	77DC047EB571DC486A2978876CBBEAC8	exact
idlib/containers/vectorweld.h	.h	341D5E5425152A1F07D23A78CA5377EA	341D5E5425152A1F07D23A78CA5377EA	exact
idlib/dict.cpp	.cpp	FDD93C6F37AAFB452169747B258FEFC4	FDD93C6F37AAFB452169747B258FEFC4	exact
idlib/dict.h	.h	AD9DAA3CEC52F54B017CB26E74C99FC5	AD9DAA3CEC52F54B017CB26E74C99FC5	exact
idlib/factory.h	.h	3AB52222BDDC6163E80B3888788954EB	3AB52222BDDC6163E80B3888788954EB	exact
idlib/geometry/drawvert.h	.h	B687B613149C5B6A04EF06E2CB696529	B687B613149C5B6A04EF06E2CB696529	exact
idlib/geometry/jointtransform.cpp	.cpp	7D2C0ED0665DA92B7DFBB11971109092	7D2C0ED0665DA92B7DFBB11971109092	exact
idlib/geometry/jointtransform.h	.h	CE5EE6F28EFFF29023E693FC9B3B403C	CE5EE6F28EFFF29023E693FC9B3B403C	exact
idlib/geometry/surface.cpp	.cpp	FFA036A7637C279BC21536682D966515	FFA036A7637C279BC21536682D966515	exact
idlib/geometry/surface.h	.h	0197EEAF5FD5BABF5709A4D70CB323AC	0197EEAF5FD5BABF5709A4D70CB323AC	exact
idlib/geometry/surface_patch.h	.h	AC94CEE44C1685F4CF21474ACE17963C	AC94CEE44C1685F4CF21474ACE17963C	exact
idlib/geometry/surface_polytope.h	.h	39F7AA36531A0C93C350076FEA98C9E8	39F7AA36531A0C93C350076FEA98C9E8	exact
idlib/geometry/surface_sweptspline.h	.h	55237481A019048BDEDA78424AD3E447	55237481A019048BDEDA78424AD3E447	exact
idlib/geometry/surface_traceable.h	.h	F0846719DF954BD7803758F58E51A3EC	F0846719DF954BD7803758F58E51A3EC	exact
idlib/geometry/tracemodel.cpp	.cpp	D9392484CA26B1515A4D4B5F7288C7E8	D9392484CA26B1515A4D4B5F7288C7E8	exact
idlib/geometry/tracemodel.h	.h	91015A153AB356518D23823A5885CBA4	91015A153AB356518D23823A5885CBA4	exact
idlib/geometry/tracesurface.h	.h	3E347AD91E09AE427AECD699BB8EA8D3	3E347AD91E09AE427AECD699BB8EA8D3	exact
idlib/geometry/winding.cpp	.cpp	E42D7585E1BC37D90BF7B367FC5E6172	E42D7585E1BC37D90BF7B367FC5E6172	exact
idlib/geometry/winding.h	.h	38DDDC7F84BF26CF82C15EB162951835	38DDDC7F84BF26CF82C15EB162951835	exact
idlib/geometry/winding2d.cpp	.cpp	03D6A233BE9573E40910196E8F404A78	03D6A233BE9573E40910196E8F404A78	exact
idlib/geometry/winding2d.h	.h	C21B23DF363FB42D3AB27F50528E02AB	C21B23DF363FB42D3AB27F50528E02AB	exact
idlib/handle.h	.h	09857B3FB538103C2ACD85ADF28A33A9	09857B3FB538103C2ACD85ADF28A33A9	exact
idlib/hashing/crc16.h	.h	937D9DDBF355C40A56065D39E29D251A	937D9DDBF355C40A56065D39E29D251A	exact
idlib/hashing/crc32.cpp	.cpp	80A57599B4328203CB4AA063988531F2	80A57599B4328203CB4AA063988531F2	exact
idlib/hashing/crc32.h	.h	FF6FFB368418E9667E7453CBCC76AC3C	FF6FFB368418E9667E7453CBCC76AC3C	exact
idlib/hashing/crc8.h	.h	3EDB0A1DADBB4128E7B9AB947B1C9B87	3EDB0A1DADBB4128E7B9AB947B1C9B87	exact
idlib/hashing/honeyman.h	.h	91BB368B35818B91F0C9DDF57958C3FE	91BB368B35818B91F0C9DDF57958C3FE	exact
idlib/hashing/md4.cpp	.cpp	9862603883F7C5C89CDECD2EE746CF7F	9862603883F7C5C89CDECD2EE746CF7F	exact
idlib/hashing/md4.h	.h	C4F272FDC0826D75B89B7095205C897C	C4F272FDC0826D75B89B7095205C897C	exact
idlib/hashing/md5.cpp	.cpp	370FC981A2B3E8C91198ED9190E12871	370FC981A2B3E8C91198ED9190E12871	exact
idlib/hashing/md5.h	.h	6DA55B49A8E3FE0E9B57D6EC67D4A5AA	6DA55B49A8E3FE0E9B57D6EC67D4A5AA	exact
idlib/heap.cpp	.cpp	C3E3C2D1B952FD7FBC42F7A6EB8B0CDA	C3E3C2D1B952FD7FBC42F7A6EB8B0CDA	exact
idlib/heap.h	.h	BF73CD0A8220D32697E7B9A83C3DF829	BF73CD0A8220D32697E7B9A83C3DF829	exact
idlib/langdict.cpp	.cpp	5F40DD5FF89999A75BF205232B030D7F	CADCF9F3E114940354613CC26DC93953	different
idlib/langdict.h	.h	A706EFAEB0BF8FB909120489C1065741	02FD73D7E183AFFC01723B6A5A1BFD37	different
idlib/lib.cpp	.cpp	D23B234A2F4D68547DD776EFCBE76EBF	043E1BFDE914387CDD614089B165E18E	different
idlib/lib.h	.h	F50F9D717845E5B8ABF1BF75B8806F48	F50F9D717845E5B8ABF1BF75B8806F48	exact
idlib/libimpl.h	.h	9C57DFBB9C81F75C83657426DCC9AE9B	9C57DFBB9C81F75C83657426DCC9AE9B	exact
idlib/libos.h	.h	450F660439A698A77E9945FAAC6BA93C	450F660439A698A77E9945FAAC6BA93C	exact
idlib/mapfile.h	.h	F0501E42C93A6EE95B6BE1B158899A33	F0501E42C93A6EE95B6BE1B158899A33	exact
idlib/math/angles.cpp	.cpp	4A095EB387207E69125F36D9D7DF03F9	4A095EB387207E69125F36D9D7DF03F9	exact
idlib/math/angles.h	.h	E7A225AC8FD4CE48493CC8BD79F8B29E	E7A225AC8FD4CE48493CC8BD79F8B29E	exact
idlib/math/basictypes.h	.h	DF5A3D4737F8BCD8B4DBB82629FD4DD7	DF5A3D4737F8BCD8B4DBB82629FD4DD7	exact
idlib/math/complex.h	.h	EDB7E58FC0B201AB1F2D581FA8BB86B6	EDB7E58FC0B201AB1F2D581FA8BB86B6	exact
idlib/math/curve.h	.h	B4B7AC1199E3907A858A17A01A24D9AB	B4B7AC1199E3907A858A17A01A24D9AB	exact
idlib/math/extrapolate.h	.h	B46AF33A47DE5C7446FEBF43149104AA	B46AF33A47DE5C7446FEBF43149104AA	exact
idlib/math/floaterrors.h	.h	E74ED293A400AAEFA9C38AFC5E64A1EA	E74ED293A400AAEFA9C38AFC5E64A1EA	exact
idlib/math/interpolate.h	.h	6A2D1A90C06A43A4F8F7C9B3F0C99A95	6A2D1A90C06A43A4F8F7C9B3F0C99A95	exact
idlib/math/lcp.h	.h	AF92655125033D62E342961CD05BB438	AF92655125033D62E342961CD05BB438	exact
idlib/math/mat3x4.h	.h	0EFB819CFA553612E1DF712DC5DF94FA	0EFB819CFA553612E1DF712DC5DF94FA	exact
idlib/math/math.cpp	.cpp	E3FCB15459229A4B28E33189B4E62F54	E3FCB15459229A4B28E33189B4E62F54	exact
idlib/math/math.h	.h	D319B99AAF4E148FEEB60CA0EAF86C27	D319B99AAF4E148FEEB60CA0EAF86C27	exact
idlib/math/matrix.cpp	.cpp	F2144A7CFF7FE0FB688DDD8CF01798F1	F2144A7CFF7FE0FB688DDD8CF01798F1	exact
idlib/math/matrix.h	.h	8A10692C68BE12C141B48CEA74B195EF	8A10692C68BE12C141B48CEA74B195EF	exact
idlib/math/ode.h	.h	8DC67169C150FDD0B5C1D0AE706A1586	8DC67169C150FDD0B5C1D0AE706A1586	exact
idlib/math/perlin.cpp	.cpp	93FB54E9E80DFD08BB673DE90BC1E7E0	93FB54E9E80DFD08BB673DE90BC1E7E0	exact
idlib/math/perlin.h	.h	EB7474D333CA98C8C258DA19CD313ACC	EB7474D333CA98C8C258DA19CD313ACC	exact
idlib/math/plane.h	.h	8FE307B873BF8B8DC9D3715FDFA30848	8FE307B873BF8B8DC9D3715FDFA30848	exact
idlib/math/pluecker.h	.h	3C377D4BF08FD8690E6591DE3E14EE43	3C377D4BF08FD8690E6591DE3E14EE43	exact
idlib/math/polynomial.h	.h	3D95C9A593993156BD03907DF6F7917E	3D95C9A593993156BD03907DF6F7917E	exact
idlib/math/quat.cpp	.cpp	5192DEA0B2C65C0F8B798C8DFBEC95D9	5192DEA0B2C65C0F8B798C8DFBEC95D9	exact
idlib/math/quat.h	.h	AD06BB61CFCD7D8B1A4423A2C6EA4AF2	AD06BB61CFCD7D8B1A4423A2C6EA4AF2	exact
idlib/math/radians.h	.h	C334A80A547B5930781615443FCA18D2	C334A80A547B5930781615443FCA18D2	exact
idlib/math/random.cpp	.cpp	60AAC72A8CC685DCEBB76C4E703C1A0B	60AAC72A8CC685DCEBB76C4E703C1A0B	exact
idlib/math/random.h	.h	667E064E06DAA235EDA4917C5553BF95	667E064E06DAA235EDA4917C5553BF95	exact
idlib/math/rotation.cpp	.cpp	3F9F40EC5680765310800AC57840DF2D	3F9F40EC5680765310800AC57840DF2D	exact
idlib/math/rotation.h	.h	6ACC2393ED1DBD16A31166F729D50278	6ACC2393ED1DBD16A31166F729D50278	exact
idlib/math/simd.cpp	.cpp	763A67AD7B2F03CB4FFCA7BDB195DD28	C2C774D132E10E95491E8FE20DB56526	different
idlib/math/simd.h	.h	FEB19D205E65932BB02D63811282DB64	FEB19D205E65932BB02D63811282DB64	exact
idlib/math/simd_3dnow.cpp	.cpp	2D1B330DFB3776A94C36EF3F73FE5C7A	2D1B330DFB3776A94C36EF3F73FE5C7A	exact
idlib/math/simd_3dnow.h	.h	70D031E29B86D10E8EEBE714D32B7CB9	70D031E29B86D10E8EEBE714D32B7CB9	exact
idlib/math/simd_altivec.h	.h	D3496DE8983C19D5E8C36E6A300F0685	D3496DE8983C19D5E8C36E6A300F0685	exact
idlib/math/simd_generic.cpp	.cpp	C0074F6D809F62A3799E85EC351FC0FE	C0074F6D809F62A3799E85EC351FC0FE	exact
idlib/math/simd_generic.h	.h	6387362DAB49BA463EDB55C95078C8BB	6387362DAB49BA463EDB55C95078C8BB	exact
idlib/math/simd_instructionmacros.h	.h	915907E8E2368F19504D4263F0661E2C	915907E8E2368F19504D4263F0661E2C	exact
idlib/math/simd_mmx.cpp	.cpp	AEC9D816B8A6DCEFF8B75D1A8F150221	4B8E203D01ABCAAC2620438CE0558A2E	different
idlib/math/simd_mmx.h	.h	8BB96E3698FF80A4009B27A4F30175A8	8BB96E3698FF80A4009B27A4F30175A8	exact
idlib/math/simd_sse.cpp	.cpp	2D02731F8FEF50A6E584B9A3C05E2981	2D02731F8FEF50A6E584B9A3C05E2981	exact
idlib/math/simd_sse.h	.h	76FB63618530224541B0A6CF0E204A66	76FB63618530224541B0A6CF0E204A66	exact
idlib/math/simd_sse2.cpp	.cpp	9685F2E52CF911DC28377D623D7075C0	9685F2E52CF911DC28377D623D7075C0	exact
idlib/math/simd_sse2.h	.h	E136881B53DB3224F780760F4F16B431	E136881B53DB3224F780760F4F16B431	exact
idlib/math/simd_sse3.cpp	.cpp	9DA3F0C23D0B165C8DD82A4C1C5BC725	9DA3F0C23D0B165C8DD82A4C1C5BC725	exact
idlib/math/simd_sse3.h	.h	C7700E94A8449F336612318A660A2048	C7700E94A8449F336612318A660A2048	exact
idlib/math/simd_testdata.h	.h	F3353577EA449DDA4F9A14A15C23DC0F	F3353577EA449DDA4F9A14A15C23DC0F	exact
idlib/math/simd_xenon.h	.h	F2191883B57A49C91C6A2B8D6A633C1F	F2191883B57A49C91C6A2B8D6A633C1F	exact
idlib/math/vector.cpp	.cpp	9E0EB4B69B174934426700D87C287423	9E0EB4B69B174934426700D87C287423	exact
idlib/math/vector.h	.h	041CDC722F5C97FD376839FFC57A74D9	041CDC722F5C97FD376839FFC57A74D9	exact
idlib/poolallocator.cpp	.cpp	0BD4F4A02BD4D81A5860A08160D3C6C8	0BD4F4A02BD4D81A5860A08160D3C6C8	exact
idlib/poolallocator.h	.h	96F1BC214C9E9F464829040F5EA2A087	1A523694086E14B0E68F14336F9AA7D0	different
idlib/precompiled.h	.h	EE28CA70B0EA53CEEA2C3F11C26F3FFA	041E11D455FEC5BD1807568EABAAD92F	different
idlib/properties.cpp	.cpp	15E029428155469E8F2246291C1BB9E2	15E029428155469E8F2246291C1BB9E2	exact
idlib/properties.h	.h	B2F95B493CA2587A2265652301E7390E	B2F95B493CA2587A2265652301E7390E	exact
idlib/propertytraits.h	.h	FDF65E2C66A2226AE3EDA1ABF6F35BF2	FDF65E2C66A2226AE3EDA1ABF6F35BF2	exact
idlib/ptrpolicies.h	.h	B89404BAB708CB87D1BECC6A243DBEDB	B89404BAB708CB87D1BECC6A243DBEDB	exact
idlib/singleton.h	.h	795B629EF182E9A4A3C657FF7E049A5C	795B629EF182E9A4A3C657FF7E049A5C	exact
idlib/sort.h	.h	C384244FDCFABAE6207FBB2D7B8AE1E2	C384244FDCFABAE6207FBB2D7B8AE1E2	exact
idlib/sys/threading/syslock.h	.h	DA483F0B07128BD211FE1D2144EE8593	DA483F0B07128BD211FE1D2144EE8593	exact
idlib/sys/threading/syslock_win.cpp	.cpp	CC41B7C8E4359925D5924549674D7550	CC41B7C8E4359925D5924549674D7550	exact
idlib/sys/threading/syssignal.h	.h	0FA880DBBBF776ABA2A5C84C8BE6B53B	0FA880DBBBF776ABA2A5C84C8BE6B53B	exact
idlib/sys/threading/syssignal_win.cpp	.cpp	7657EF0AFEFA47BFBE29E72C21088CA7	7657EF0AFEFA47BFBE29E72C21088CA7	exact
idlib/sys/threading/systhread.h	.h	605A2B16550BCCB96095DD8DB75AB3DC	605A2B16550BCCB96095DD8DB75AB3DC	exact
idlib/sys/threading/systhread_win.cpp	.cpp	2A33815F5A4E27DD7F89489A97E5A81B	2A33815F5A4E27DD7F89489A97E5A81B	exact
idlib/text/base64.h	.h	669EAD4A73DCA3D1D4CC5DF03EE75337	669EAD4A73DCA3D1D4CC5DF03EE75337	exact
idlib/text/cmdargs.cpp	.cpp	5705D190FDB6974F127FA61F2F5DAE69	040F0D5C55EA970F88FB77605376AEA1	different
idlib/text/cmdargs.h	.h	E5BAAFEBA47C33438343C743798CBEF0	E5BAAFEBA47C33438343C743798CBEF0	exact
idlib/text/lexer.cpp	.cpp	4354EC7B5DA0E5726D4C6ED69080C21B	4354EC7B5DA0E5726D4C6ED69080C21B	exact
idlib/text/lexer.h	.h	D2F7243DF45A648A080CF6684793AE1F	D2F7243DF45A648A080CF6684793AE1F	exact
idlib/text/lexerbinary.cpp	.cpp	F7C44A838079DB1E41842EEF8CC116DE	1E95D4236FB99C2FD096B9F0ABE884A8	different
idlib/text/lexerbinary.h	.h	7EA5CA2490767FE27DC89113102361EB	7EA5CA2490767FE27DC89113102361EB	exact
idlib/text/parser.cpp	.cpp	62FF12AD39A9CA8A45F8DD7DAA6EBC8B	62FF12AD39A9CA8A45F8DD7DAA6EBC8B	exact
idlib/text/parser.h	.h	E088D57B014BD9C920241AA362CD6C6D	E088D57B014BD9C920241AA362CD6C6D	exact
idlib/text/str.cpp	.cpp	F5223F93AD7DA3921476AD90BEE75527	A29EFED502FC968CD083142FDFC5681C	different
idlib/text/str.h	.h	605E262704B585FD800768F58727B701	605E262704B585FD800768F58727B701	exact
idlib/text/strbuilder.h	.h	43DCF8DABA48CB2A0E911A5D88483256	43DCF8DABA48CB2A0E911A5D88483256	exact
idlib/text/strsimple.h	.h	772D77C0B79B09EE3CB411D3A40F9557	772D77C0B79B09EE3CB411D3A40F9557	exact
idlib/text/token.cpp	.cpp	D33CD9A7E8C94FF337B8DF5B293B58E5	D33CD9A7E8C94FF337B8DF5B293B58E5	exact
idlib/text/token.h	.h	4097B8B9C595E892CCB88E145D9C0EE7	4097B8B9C595E892CCB88E145D9C0EE7	exact
idlib/text/utf8.cpp	.cpp	40995A90E86B27AE1DF2CA8892DD7CCB	40995A90E86B27AE1DF2CA8892DD7CCB	exact
idlib/text/utf8.h	.h	BF1DFD821AA0F123A43F7BEF4B292E37	BF1DFD821AA0F123A43F7BEF4B292E37	exact
idlib/text/wlexer.cpp	.cpp	A23B4F3B1749200E6CE37B647FB9AA1A	A23B4F3B1749200E6CE37B647FB9AA1A	exact
idlib/text/wlexer.h	.h	8C1972A6E2B4B98B2BBD3ED22111A314	8C1972A6E2B4B98B2BBD3ED22111A314	exact
idlib/text/wstr.cpp	.cpp	9F8EB857E6C41AF64E2879C07627E90B	C9B265B5522B4E24842A5ACF78EEB810	different
idlib/text/wstr.h	.h	864DCCC43543E0168E170B1B0AC9E97C	864DCCC43543E0168E170B1B0AC9E97C	exact
idlib/text/wtoken.cpp	.cpp	E066FAA12D03C668D84181BA901EEC4F	E066FAA12D03C668D84181BA901EEC4F	exact
idlib/text/wtoken.h	.h	745D2BB500C360DDAED268C24FB6D744	745D2BB500C360DDAED268C24FB6D744	exact
idlib/textutilities.cpp	.cpp	0092FC37A3C1111FC5FBCB613E4C7921	0092FC37A3C1111FC5FBCB613E4C7921	exact
idlib/textutilities.h	.h	88E484C03CAE22850FACEC4551FF28A4	88E484C03CAE22850FACEC4551FF28A4	exact
idlib/threading/lock.cpp	.cpp	D997A71BA04E03556883CE4B114AE04A	D997A71BA04E03556883CE4B114AE04A	exact
idlib/threading/lock.h	.h	E7AC8DE69B03F183A830C9F0923E302D	E7AC8DE69B03F183A830C9F0923E302D	exact
idlib/threading/signal.cpp	.cpp	A53CC7E7D3286A52E4FCCDF81369EA80	A53CC7E7D3286A52E4FCCDF81369EA80	exact
idlib/threading/signal.h	.h	B12916266C64731CE79F0951DF1A083B	B12916266C64731CE79F0951DF1A083B	exact
idlib/threading/thread.cpp	.cpp	339B470F475033A515F9FDA38EFA6ED6	339B470F475033A515F9FDA38EFA6ED6	exact
idlib/threading/thread.h	.h	AB823CC8E41B55B7D3EDEA146F5767CC	AB823CC8E41B55B7D3EDEA146F5767CC	exact
idlib/threading/threadingdefs.h	.h	804AA8DF16A0FFB027510A1DE05A0404	804AA8DF16A0FFB027510A1DE05A0404	exact
idlib/threading/threadprocess.h	.h	631CE82902CA94A650A5C70DC6EEF073	631CE82902CA94A650A5C70DC6EEF073	exact
idlib/timer.cpp	.cpp	0246BDE7FD6F31CFEA1FA47CABFF87CC	0246BDE7FD6F31CFEA1FA47CABFF87CC	exact
idlib/timer.h	.h	6FCB1716883983CA72AAE37C6F5D9070	6FCB1716883983CA72AAE37C6F5D9070	exact
libs/aaslib/aasfile.cpp	.cpp	77A1B23F4B9E5170EDC84ECFBC74159B		missing
libs/aaslib/aasfile.h	.h	A941703645EC6E0FB1BC80A60EB872E0	A941703645EC6E0FB1BC80A60EB872E0	exact
libs/aaslib/aasfile_local.h	.h	3DAAD313A32C3FBEC4402C901B7C5C19		missing
libs/aaslib/aasfile_sample.cpp	.cpp	D4E626855A33B5F25ABEB45F338883E6		missing
libs/aaslib/aasfilemanager.cpp	.cpp	40FB39B5841D47ABBF583E3E24A279BF	311DF329D4AFDE185EB5F61620161863	different
libs/aaslib/aasfilemanager.h	.h	30BE5E38F68FEAF033C43B9A2D214052	30BE5E38F68FEAF033C43B9A2D214052	exact
libs/bink/binkw32/bink.h	.h	09E787A5331CA72C008EE4DDB1F85E69		missing
libs/bink/binkw32/radbase.h	.h	35396C7C202A5811544E62D7E44F7665		missing
libs/demonware/demonware-1.80/bdcore/bdcontainers/bdarray.h	.h	89B66EFB8FEFDF301D02BF5437EE2942		missing
libs/demonware/demonware-1.80/bdcore/bdcontainers/bdarray.inl	.inl	61613AE79FE7F3406B7519B322A99AD8		missing
libs/demonware/demonware-1.80/bdcore/bdcontainers/bdbitbuffer.h	.h	76885784A152771EB062719C993B8A3A		missing
libs/demonware/demonware-1.80/bdcore/bdcontainers/bdbitbuffer.inl	.inl	A3F8C85355E6562BA1E3D9AB3EA5C933		missing
libs/demonware/demonware-1.80/bdcore/bdcontainers/bdbitbuffertypes.h	.h	38D4D25FE90849E3B0E2F965250C03C5		missing
libs/demonware/demonware-1.80/bdcore/bdcontainers/bdbytebuffer.h	.h	E43B6673542D5D92CBE1EDBDA09C69B7		missing
libs/demonware/demonware-1.80/bdcore/bdcontainers/bdbytebuffer.inl	.inl	7F1CBBF27B31E4835D28136E628132CF		missing
libs/demonware/demonware-1.80/bdcore/bdcontainers/bdcircularbuffer.h	.h	547856BF68C219ED02A410498BE67386		missing
libs/demonware/demonware-1.80/bdcore/bdcontainers/bdcircularbuffer.inl	.inl	5EAD339C6BD8518F2284166A7A3219DF		missing
libs/demonware/demonware-1.80/bdcore/bdcontainers/bdfastarray.h	.h	E07C12A063FCCB3CE3F048078E2E7139		missing
libs/demonware/demonware-1.80/bdcore/bdcontainers/bdfastarray.inl	.inl	4FB7A29C1555D162EA62C4020EE127F9		missing
libs/demonware/demonware-1.80/bdcore/bdcontainers/bdhashmap.h	.h	3EE44B4103FCDF13855C20889E6662E3		missing
libs/demonware/demonware-1.80/bdcore/bdcontainers/bdhashmap.inl	.inl	A1FA5923EC7D9DA45CD9160D5AA44942		missing
libs/demonware/demonware-1.80/bdcore/bdcontainers/bdlinkedlist.h	.h	F52138A6F220D1CEC0527C50A9284EE9		missing
libs/demonware/demonware-1.80/bdcore/bdcontainers/bdlinkedlist.inl	.inl	56DAB6A0245816C246CF13CCD44C6C3B		missing
libs/demonware/demonware-1.80/bdcore/bdcontainers/bdpriorityheap.h	.h	92E985E926358766165CE41D210A1F38		missing
libs/demonware/demonware-1.80/bdcore/bdcontainers/bdpriorityheap.inl	.inl	8F9DC70166EACFD4DCF76F75A4CBCDDB		missing
libs/demonware/demonware-1.80/bdcore/bdcontainers/bdpriorityqueue.h	.h	5FEC069E182A02A6EAADFBBF2F4A22A7		missing
libs/demonware/demonware-1.80/bdcore/bdcontainers/bdpriorityqueue.inl	.inl	58068BCA07B28D036C302D10A27F254F		missing
libs/demonware/demonware-1.80/bdcore/bdcontainers/bdqueue.h	.h	43BA575278247091F2E7F9A10F012FDB		missing
libs/demonware/demonware-1.80/bdcore/bdcontainers/bdqueue.inl	.inl	CFF3D2B2C8EC56173D6EB160448FB985		missing
libs/demonware/demonware-1.80/bdcore/bdcontainers/bdredblacktree.h	.h	C7445B87F884EE847709C410B6C4D07E		missing
libs/demonware/demonware-1.80/bdcore/bdcontainers/bdredblacktree.inl	.inl	D41936922C598584A38E3CCCBC9A6E22		missing
libs/demonware/demonware-1.80/bdcore/bdcontainers/bdsequencenumber.h	.h	338A24C4A75CFC03486A128E269285AD		missing
libs/demonware/demonware-1.80/bdcore/bdcontainers/bdsequencenumberstore.h	.h	52FEBE357425B3330B75ABFF935AFD3F		missing
libs/demonware/demonware-1.80/bdcore/bdcontainers/bdset.h	.h	F9AE46827D52C1AE102A11C3D1E03468		missing
libs/demonware/demonware-1.80/bdcore/bdcontainers/bdset.inl	.inl	FD848C994E7ED2302B70A8CA47D0CE99		missing
libs/demonware/demonware-1.80/bdcore/bdcontainers/bdsingleton.h	.h	653A164591D53D612EE620663C2B9865		missing
libs/demonware/demonware-1.80/bdcore/bdcontainers/bdsingleton.inl	.inl	96D205C5B996D130BA7F57C0CB0E9F43		missing
libs/demonware/demonware-1.80/bdcore/bdcore.h	.h	A818B0CA0D379EEFE823BD575A0C7895		missing
libs/demonware/demonware-1.80/bdcore/bdcrypto/bdcryptoconfig.h	.h	6D7C889C0748C9576B7345E72DE445C7		missing
libs/demonware/demonware-1.80/bdcore/bdcrypto/bdcryptoutils.h	.h	C7466766D05D7FF3915C3BF2F83D2B67		missing
libs/demonware/demonware-1.80/bdcore/bdcrypto/bdecckey.h	.h	F31F062D90ACCC2BCA8801C3DC877038		missing
libs/demonware/demonware-1.80/bdcore/bdlog/bdlog.h	.h	74DAF9C0F5385581F485E64186F28C62		missing
libs/demonware/demonware-1.80/bdcore/bdlog/bdlogconfig.h	.h	B17A9122A3BEA74930B49A276C613541		missing
libs/demonware/demonware-1.80/bdcore/bdlog/bdlogsubscriber.h	.h	8DA5042462E5D5DDD1C4D546B65CF401		missing
libs/demonware/demonware-1.80/bdcore/bdmemory/bdmemory.h	.h	379A1EB6CA2AAE721C1FED399CB5476B		missing
libs/demonware/demonware-1.80/bdcore/bdmemory/bdmemory.inl	.inl	CD40FF35EF717BF1A6DF94D040CDF48F		missing
libs/demonware/demonware-1.80/bdcore/bdreference/bdreferencable.h	.h	4EFDD95817F82E0E737EF10C860CEA93		missing
libs/demonware/demonware-1.80/bdcore/bdreference/bdreferencable.inl	.inl	2042DA2BB1E0D876A98E4B537B2A0D22		missing
libs/demonware/demonware-1.80/bdcore/bdreference/bdreference.h	.h	550A8DE70DA3C9832A7C980255FB3F09		missing
libs/demonware/demonware-1.80/bdcore/bdreference/bdreference.inl	.inl	9DE0DD5CEEC347C29B67CCB0AEF5E209		missing
libs/demonware/demonware-1.80/bdcore/bdsocket/bdaddr.h	.h	A65802061F306EDF4B831AD8658CB53D		missing
libs/demonware/demonware-1.80/bdcore/bdsocket/bdcommonaddr.h	.h	E573405ACE3F07505E495610618A0FBE		missing
libs/demonware/demonware-1.80/bdcore/bdsocket/bdcommonaddrinfo.h	.h	FF15374A60DAA5D38136CF427B8B8F6F		missing
libs/demonware/demonware-1.80/bdcore/bdsocket/bddefaultsocket.h	.h	9C59840D9589C89B745F7400266B6B6A		missing
libs/demonware/demonware-1.80/bdcore/bdsocket/bdinetaddr.h	.h	DA411BCE29750EECDB40267AA1BBFD43		missing
libs/demonware/demonware-1.80/bdcore/bdsocket/bdport.h	.h	49317034E3FD1B1E51941F6B2C598CBB		missing
libs/demonware/demonware-1.80/bdcore/bdsocket/bdsecurityid.h	.h	84D1FB02950D8F183C1B1C1D04B4240F		missing
libs/demonware/demonware-1.80/bdcore/bdsocket/bdsecuritykey.h	.h	B457925DFD031C391ABC69DBC165DF1D		missing
libs/demonware/demonware-1.80/bdcore/bdsocket/bdsecuritykeymap.h	.h	ED512A6A8026FD5AEEF444623E7CEA13		missing
libs/demonware/demonware-1.80/bdcore/bdsocket/bdsocket.h	.h	D76787A3990B0913C838565B22406E9D		missing
libs/demonware/demonware-1.80/bdcore/bdsocket/bdsocketconfig.h	.h	C18FD293946C461B61BCE0BF4B6F427A		missing
libs/demonware/demonware-1.80/bdcore/bdsocket/bdstreamsocket.h	.h	A4A0536C650839DF63B50DE6BC9F7DE5		missing
libs/demonware/demonware-1.80/bdcore/bdstreams/bddefaultfilestreambuf.h	.h	E9B9E8D2A23D8B2BE5733B944FACCE75		missing
libs/demonware/demonware-1.80/bdcore/bdstreams/bdifstream.h	.h	CB6BCC84B79CDDFEF675C9465F7CC899		missing
libs/demonware/demonware-1.80/bdcore/bdstreams/bdistream.h	.h	E0F960BFB5711FD4B00657E871C822F7		missing
libs/demonware/demonware-1.80/bdcore/bdstreams/bdofstream.h	.h	B245CAA7DBD285D7ED4B187EFB20FA7B		missing
libs/demonware/demonware-1.80/bdcore/bdstreams/bdostream.h	.h	B33E42404AE635B4D36D85306ABF100B		missing
libs/demonware/demonware-1.80/bdcore/bdstreams/bdstdiofilestreambuf.h	.h	3575FE2D684CA20BAACAE02D2CB5038F		missing
libs/demonware/demonware-1.80/bdcore/bdstreams/bdstdiostreambuf.h	.h	8E406B64FE09082402854A470571D7E9		missing
libs/demonware/demonware-1.80/bdcore/bdstreams/bdstreambuf.h	.h	C754B6229E62800C5C27FD95415C6D1F		missing
libs/demonware/demonware-1.80/bdcore/bdstreams/bdstreambuf.inl	.inl	4654A92D9AF510B691F4A7A02EB59A99		missing
libs/demonware/demonware-1.80/bdcore/bdstring/bdstring.h	.h	B0B3AD99492E4E6D8B8E84857295E00E		missing
libs/demonware/demonware-1.80/bdcore/bdtiming/bdshorttimer.h	.h	96DC229CFE0F509B7200DDB9C9D5A8BF		missing
libs/demonware/demonware-1.80/bdcore/bdtiming/bdstopwatch.h	.h	C69CD523E1EB25445F4C9F24D961145F		missing
libs/demonware/demonware-1.80/bdcore/bdutilities/bdbitoperations.h	.h	C8AEBD03B9A245AE8D7C15CA855B7FD6		missing
libs/demonware/demonware-1.80/bdcore/bdutilities/bdbytepacker.h	.h	97AB6B465359A25780F8B71DAA508286		missing
libs/demonware/demonware-1.80/bdcore/bdutilities/bdcomparisonfunctors.h	.h	8F61AAA3706BC8BF26ADB63BFA3820CA		missing
libs/demonware/demonware-1.80/bdcore/bdutilities/bdrandom.h	.h	DC8E7BCCF2ED3E882757DB7ADDA4B053		missing
libs/demonware/demonware-1.80/bdcore/bdutilities/bdsort.h	.h	2233914F7D831DC8E9548DA16EA32B5C		missing
libs/demonware/demonware-1.80/bdcore/bdutilities/bdsort.inl	.inl	D2C3F3BF11D556B8BD7A3F044A33673F		missing
libs/demonware/demonware-1.80/bdcore/bdutilities/bdtrulyrandom.h	.h	F78AA30207F5421ADDC1309B08B35071		missing
libs/demonware/demonware-1.80/bdlobby/bdauthservice.h	.h	A156C65EFE58B23667BE63B9110AE0A7		missing
libs/demonware/demonware-1.80/bdlobby/bdauthticket.h	.h	127D849A4ABFD739056D82535CCF72AE		missing
libs/demonware/demonware-1.80/bdlobby/bdfriends/bdfriends.h	.h	81B089039E9160F4E46EC8251CEB9AF3		missing
libs/demonware/demonware-1.80/bdlobby/bdkeyarchive/bdarchivekey.h	.h	2F7A6D58BDD1F6E55166D4B5962C5416		missing
libs/demonware/demonware-1.80/bdlobby/bdkeyarchive/bdarchivevalue.h	.h	57D1C45A6DF47A9D5467F98C93F92302		missing
libs/demonware/demonware-1.80/bdlobby/bdkeyarchive/bdkeyarchive.h	.h	7D62A65C38FE699655A131804BAE6AC5		missing
libs/demonware/demonware-1.80/bdlobby/bdkeyarchive/bdkeypairdict.h	.h	D4565012C7FFEF79D3D21BE831119F24		missing
libs/demonware/demonware-1.80/bdlobby/bdlobbycommon/bdauthcommon.h	.h	20AAF7DE2EE1F38DDC0DE3B576B60010		missing
libs/demonware/demonware-1.80/bdlobby/bdlobbycommon/bdcustomqueryparams.h	.h	E52731553365984BA3EFACC2F7639079		missing
libs/demonware/demonware-1.80/bdlobby/bdlobbycommon/bdlobbyservicescommon.h	.h	791BC1DE49D18B2834D4651D5381AFFB		missing
libs/demonware/demonware-1.80/bdlobby/bdlobbycommon/bdqueryparams.h	.h	F266A63B0252DFF364D91207141F9C75		missing
libs/demonware/demonware-1.80/bdlobby/bdlobbycommon/bdqueryresult.h	.h	D39C70E7E7E1501A7037F797B3AC6EBE		missing
libs/demonware/demonware-1.80/bdlobby/bdlobbyconnection.h	.h	656AC5A9860C2E2B1E8B1AA778DCDDDF		missing
libs/demonware/demonware-1.80/bdlobby/bdlobbyconnectionlistener.h	.h	4661151400D33E423A6CD56EBA429423		missing
libs/demonware/demonware-1.80/bdlobby/bdlobbyerrorcode.h	.h	6C9198F5B6CF363B62CB8CF529BA4774		missing
libs/demonware/demonware-1.80/bdlobby/bdlobbyerrorcodes.h	.h	A282528FB6BA698F3632E9B7395F0AA5		missing
libs/demonware/demonware-1.80/bdlobby/bdlobbyservice.h	.h	3E41F039E2227CE1F4DBB88C87034723		missing
libs/demonware/demonware-1.80/bdlobby/bdmatchmaking/bdmatchmaking.h	.h	8A3A520732BDE67055B5523AADFB1D1D		missing
libs/demonware/demonware-1.80/bdlobby/bdmatchmaking/bdmatchmakinginfo.h	.h	3317D9A03462E4556093409EDCB73423		missing
libs/demonware/demonware-1.80/bdlobby/bdmatchmaking/bdsessioncreateresult.h	.h	79D669B9355B89B081E36778911C158F		missing
libs/demonware/demonware-1.80/bdlobby/bdmessagestore/bdgetmessagesresult.h	.h	7BD222BE4A1D04CC38B361CD7ED59DC1		missing
libs/demonware/demonware-1.80/bdlobby/bdmessagestore/bdlobbymessage.h	.h	F49FA2CF17C1425B7CDBF3262EE48556		missing
libs/demonware/demonware-1.80/bdlobby/bdmessagestore/bdlobbymessagecompare.h	.h	0A987BFAF9BC542E4180D584BD213106		missing
libs/demonware/demonware-1.80/bdlobby/bdmessagestore/bdmessagestore.h	.h	88A706B3EDDEA4FBC46DD139B9DE3CC4		missing
libs/demonware/demonware-1.80/bdlobby/bdmessagestore/bdmessagestore.inl	.inl	08DB9ADFB96EE24380CB947DC0644764		missing
libs/demonware/demonware-1.80/bdlobby/bdmessagestore/bdmessagetypes/bdlobbymessagetype.h	.h	87C7DE2C69167300898AA41A1BDAED73		missing
libs/demonware/demonware-1.80/bdlobby/bdmessagestore/bdmessagetypes/bdlobbymessagetypes.h	.h	B9001275B38FC9F65B66323EBE836423		missing
libs/demonware/demonware-1.80/bdlobby/bdmessagestore/bdmessagetypes/bdmmplayerdisconnectmessage.h	.h	A7E9323938AC1497607E6FAA40B78BBB		missing
libs/demonware/demonware-1.80/bdlobby/bdmessagestore/bdmessagetypes/bdprofileinfoupdatedmessage.h	.h	01B7EB9A26403074932D132DC1A17361		missing
libs/demonware/demonware-1.80/bdlobby/bdmessagestore/bdmessagetypes/bdusernotificationmessage.h	.h	37ACF0BD1455F872434B720EFE466E9B		missing
libs/demonware/demonware-1.80/bdlobby/bdprofiles/bdprofileinfo.h	.h	1143DFA0073C566C3074DDE89B49120C		missing
libs/demonware/demonware-1.80/bdlobby/bdprofiles/bdprofiles.h	.h	F85C644FE0F3F4F8F1F2C91A8C55EE22		missing
libs/demonware/demonware-1.80/bdlobby/bdprofiles/bdprofilesresult.h	.h	300CFFF9F9AB76242347DA25219C1582		missing
libs/demonware/demonware-1.80/bdlobby/bdprofiles/bdprofilesresult.inl	.inl	F8A1467CC5038E25418D9FF32CD513C4		missing
libs/demonware/demonware-1.80/bdlobby/bdremotetaskmanager/bdremotetask.h	.h	74C6A77C38D8C5528EB2D588B3EECC4E		missing
libs/demonware/demonware-1.80/bdlobby/bdstorage/bdgetfileresult.h	.h	99FB546D64D4D31560CF9D29F93BCF1A		missing
libs/demonware/demonware-1.80/bdlobby/bdstorage/bdlistfilesresult.h	.h	7EA4C4BEB2CAE1DEDE9E24F76272A905		missing
libs/demonware/demonware-1.80/bdlobby/bdstorage/bdlobbyfile.h	.h	04E8DB4F5FDBBB472CD5495F27292B77		missing
libs/demonware/demonware-1.80/bdlobby/bdstorage/bdlobbyfileheader.h	.h	74E503171A10379CB65ABD1297C23084		missing
libs/demonware/demonware-1.80/bdlobby/bdstorage/bdstorage.h	.h	6D530E02FD7E6445C991A19FD429514A		missing
libs/demonware/demonware-1.80/bdlobby/bdteams/bdcheckteammembershipresult.h	.h	7F05004096B7ACB51B8E0E8687670014		missing
libs/demonware/demonware-1.80/bdlobby/bdteams/bdteams.h	.h	9E3CD3AAA6A6371870D23528E2EB2ECC		missing
libs/demonware/demonware-1.80/bdnet/bddispatch/bddispatcher.h	.h	D434793C01DEE98A21D41AC8F8E110E8		missing
libs/demonware/demonware-1.80/bdnet/bdnet.h	.h	806DAAA3814609D9557EA60CB739AC60		missing
libs/demonware/demonware-1.80/bdnet/bdupnp.h	.h	337DA877E7348AC961EE57CFB2744E52		missing
libs/demonware/demonware-1.80/bdplatform/bdplatformconfig/bdplatformconfig.h	.h	1EC95E223DE61ADB2B10B3F84B69C67D		missing
libs/demonware/demonware-1.80/bdplatform/bdplatformconfig/bdplatformconfig-win32.h	.h	DBA8E4D1B855A8F5816CF38D1E5765A4		missing
libs/demonware/demonware-1.80/bdplatform/bdplatformconfig/bdplatformconfig-win32-msvc8.h	.h	9BED267CD04DB3A6A89A77B494252201		missing
libs/demonware/demonware-1.80/bdplatform/bdplatformconfig/bdsettings.h	.h	C152ED2860B0B89A6AF39A5CA3D55A2D		missing
libs/demonware/demonware-1.80/bdplatform/bdplatformcoretypes/bdplatformcoretypes.h	.h	D3AB1D1EAD2C50754CEE0923B86C0C60		missing
libs/demonware/demonware-1.80/bdplatform/bdplatformerror/bdplatformerror.h	.h	9DDCF420DD909DA750527CBBC93B13B6		missing
libs/demonware/demonware-1.80/bdplatform/bdplatformerror/bdplatformerror.inl	.inl	BFD1FDC4D29E9A27D09B57EDFFB97477		missing
libs/demonware/demonware-1.80/bdplatform/bdplatformmath/bdplatformmath.h	.h	6E2AFF30F39D7DC17FD8A2104C6BC417		missing
libs/demonware/demonware-1.80/bdplatform/bdplatformmath/bdplatformmath.inl	.inl	E751586E97DF9A755BA915DCCEC5D1E6		missing
libs/demonware/demonware-1.80/bdplatform/bdplatformmemory/bdplatformmemory.h	.h	4BE3813059D4C09B797AFD46B90D5127		missing
libs/demonware/demonware-1.80/bdplatform/bdplatformmemory/bdplatformmemory.inl	.inl	47A77612E0747879D839887CCC9D5161		missing
libs/demonware/demonware-1.80/bdplatform/bdplatformmemory/bdplatformmemory-win32.inl	.inl	15B97A9EA74478913D68245828FEB594		missing
libs/demonware/demonware-1.80/bdplatform/bdplatformsocket/bdinaddr.h	.h	7EFB4249B1F945756D93196373D7E4C5		missing
libs/demonware/demonware-1.80/bdplatform/bdplatformsocket/bdplatformsocket.h	.h	4CFBB3B51D01D965EE397F67D80F23B9		missing
libs/demonware/demonware-1.80/bdplatform/bdplatformsocket/bdplatformstreamsocket.h	.h	AA57117C2A1D140B6A9255E12FA674EB		missing
libs/demonware/demonware-1.80/bdplatform/bdplatformstring/bdplatformstring.h	.h	BAAF6C601A5A5C90265854DB5A876615		missing
libs/demonware/demonware-1.80/bdplatform/bdplatformstring/bdplatformstring.inl	.inl	88D77FEDEFAF6E7226F383A0E594A2EF		missing
libs/demonware/demonware-1.80/bdplatform/bdplatformstring/bdplatformstring-win32.inl	.inl	F3BD3F45FB56D49F9F14AF215B2851BF		missing
libs/demonware/demonware-1.80/bdsocket/bdnat/bdnattravlistener.h	.h	4767C3599FB833C729F7D9835946F0E7		missing
libs/demonware/demonware-1.80/bdsocket/bdpacketinterceptor.h	.h	164D3C8B5D7C8BD73352F3ED7252A01E		missing
libs/demonware/demonware-1.80/bdsocket/bdqos/bdpacket/bdqosreplypacket.h	.h	BEB81303BB5AA0C41FECBFACF29231A4		missing
libs/demonware/demonware-1.80/bdsocket/bdqos/bdqosprobe.h	.h	1A813CC499CE6B4034E1450234569014		missing
libs/demonware/demonware-1.80/bdsocket/bdqos/bdqosprobelistener.h	.h	114EFC33651608C50867B482E8DD4B87		missing
libs/demonware/demonware-1.80/bdsocket/bdqos/bdqosremoteaddr.h	.h	0B84004E41C9CB1460B87860A0D2F649		missing
libs/demonware/demonware-1.80/external/libtomcrypt/src/headers/tomcrypt.h	.h	4F1171383F4C8DFC01F869A409C5429E		missing
libs/demonware/demonware-1.80/external/libtomcrypt/src/headers/tomcrypt_argchk.h	.h	0070FF1E3CDCA4AF881FB5818DED43DE		missing
libs/demonware/demonware-1.80/external/libtomcrypt/src/headers/tomcrypt_cfg.h	.h	D30571FFB320043CAA32562F80EDCAD5		missing
libs/demonware/demonware-1.80/external/libtomcrypt/src/headers/tomcrypt_cipher.h	.h	AEAD263359F935EC8C964F2294CAFF26		missing
libs/demonware/demonware-1.80/external/libtomcrypt/src/headers/tomcrypt_custom.h	.h	E957F765CDC00A7A11041D881198DAC2		missing
libs/demonware/demonware-1.80/external/libtomcrypt/src/headers/tomcrypt_hash.h	.h	C439785510E45F74A56056AD7F57A8F8		missing
libs/demonware/demonware-1.80/external/libtomcrypt/src/headers/tomcrypt_mac.h	.h	6567F880F1CFF353301F1BAA14341A23		missing
libs/demonware/demonware-1.80/external/libtomcrypt/src/headers/tomcrypt_macros.h	.h	32A6AC47A3E241231BD3422FABFCCAC9		missing
libs/demonware/demonware-1.80/external/libtomcrypt/src/headers/tomcrypt_math.h	.h	4E608D97AED527AB8AE18BA5ECD67A45		missing
libs/demonware/demonware-1.80/external/libtomcrypt/src/headers/tomcrypt_misc.h	.h	C78C5D048D2B38B428B633D8AB3AFAF8		missing
libs/demonware/demonware-1.80/external/libtomcrypt/src/headers/tomcrypt_pk.h	.h	D4DD07275E9F920CFFD7FAEB229FB40F		missing
libs/demonware/demonware-1.80/external/libtomcrypt/src/headers/tomcrypt_pkcs.h	.h	1AC7CB014C56663689FD8E7CF1208ADA		missing
libs/demonware/demonware-1.80/external/libtomcrypt/src/headers/tomcrypt_prng.h	.h	19330836BCA27ED499D7A913625E6DA6		missing
libs/filelib/file.cpp	.cpp	791BA386FECFB8A5A26693AFF3A2516B	C91003753D2342630877DA53A6CD9930	different
libs/filelib/file.h	.h	096B24E67826A0B4AC6AF99035D51CE9	096B24E67826A0B4AC6AF99035D51CE9	exact
libs/filelib/file64.h	.h	45F715E85DD0ECD1C30A56EBF848EF10	45F715E85DD0ECD1C30A56EBF848EF10	exact
libs/filelib/precompiled.h	.h	B237A20AA8B24901E9F1ACDA6CC54859		missing
libs/freetype/freetype-2.2.1/include/freetype/config/ftconfig.h	.h	48502A59AA8A2BEC0D2B2112168E8AD7		missing
libs/freetype/freetype-2.2.1/include/freetype/config/ftheader.h	.h	D9A0FC9A7E7BC2FC7ACC15FCB21AC6B1		missing
libs/freetype/freetype-2.2.1/include/freetype/config/ftoption.h	.h	FFA9C5005DC8030A5D68D93417BE05A1		missing
libs/freetype/freetype-2.2.1/include/freetype/config/ftstdlib.h	.h	4C47709420907ABC639BE098D472E47D		missing
libs/freetype/freetype-2.2.1/include/freetype/freetype.h	.h	716E83C9C8A532483DE3689B088F40B0		missing
libs/freetype/freetype-2.2.1/include/freetype/ftcache.h	.h	0136C2CFF9B4D3D058285FE1923FCED2		missing
libs/freetype/freetype-2.2.1/include/freetype/fterrdef.h	.h	D4BCB14D189DCE49ED64672302CAB80A		missing
libs/freetype/freetype-2.2.1/include/freetype/fterrors.h	.h	7D4F61047101A9AB1EB8DF82CFC47B5C		missing
libs/freetype/freetype-2.2.1/include/freetype/ftglyph.h	.h	F611C37F88F2BBB2627E389369A60777		missing
libs/freetype/freetype-2.2.1/include/freetype/ftimage.h	.h	47A1EE1D0CC70547B38F32784B0488CB		missing
libs/freetype/freetype-2.2.1/include/freetype/ftmoderr.h	.h	B989E5AF7D776903C3D2E65F0B57773A		missing
libs/freetype/freetype-2.2.1/include/freetype/ftsystem.h	.h	38F2392DE1D4A100D224B8120CAB09DA		missing
libs/freetype/freetype-2.2.1/include/freetype/fttypes.h	.h	C28E14D9A149B4D37C9DD084306AF1C3		missing
libs/freetype/freetype-2.2.1/include/freetype/ttnameid.h	.h	14590E33636E62096ABAC32D6C4687A2		missing
libs/freetype/freetype-2.2.1/include/ft2build.h	.h	35D9234F21A7D7723BE0E22702307C09		missing
libs/imagelib/baredct/baredct.h	.h	11CA592BD1F81B4851B06DDDA8E7714D		missing
libs/imagelib/baredct/baredctbase.cpp	.cpp	E4220D53987C81563F2D37F94186C20D		missing
libs/imagelib/baredct/baredctbase_mmx.cpp	.cpp	C29B5E8B7993484C9F9AB5BC4DD96512		missing
libs/imagelib/baredct/baredctbase_sse2.cpp	.cpp	8DE29F509D9B7C6F06A223E832F7F970		missing
libs/imagelib/baredct/baredctbase_xenon.cpp	.cpp	C5B07E9FA33053BA71462CB7C3DF39C7		missing
libs/imagelib/baredct/baredctdecoder.cpp	.cpp	33CE718987CC6EE2EFFAD907580F8CCD		missing
libs/imagelib/baredct/baredctdecoder_mmx.cpp	.cpp	AEE50AAB3F37AC60578A74A4717851C2		missing
libs/imagelib/baredct/baredctdecoder_sse2.cpp	.cpp	A42F4516A2CBA5C9C28CE52B970851BD		missing
libs/imagelib/baredct/baredctdecoder_xenon.cpp	.cpp	8D285CF5F69FB547C930AC5993DA3713		missing
libs/imagelib/baredct/baredcthuffmantable.cpp	.cpp	792CC91701A2E7F6914818406FFCD4CD		missing
libs/imagelib/baredct/baredcthuffmantable.h	.h	16A006CB54B28129E87A3268D53C01ED		missing
libs/imagelib/baredct/baredcttables.h	.h	35797183568FFA584E508382A9D2490D		missing
libs/imagelib/baredct/dct_reference.h	.h	C0A8253F08EDCCD6E5205AD81EB3109E		missing
libs/imagelib/baredct/idct_aan_float.h	.h	B5B47574BF99888E274D04E2F9791FE9		missing
libs/imagelib/baredct/idct_aan_int.h	.h	E580C68BCCCBD4908350F601438A8D98		missing
libs/imagelib/baredct/idct_ap922_float.cpp	.cpp	3D9913B239D6BFC20C6366306AB22D50		missing
libs/imagelib/baredct/idct_ap922_float.h	.h	5A7CEC10D00206E1638B0DF5D4CEE224		missing
libs/imagelib/baredct/idct_ap922_float_sse2.h	.h	A70549754DCBDB11BD44B0A72EFC947D		missing
libs/imagelib/baredct/idct_ap922_float_xenon.cpp	.cpp	6C733168452B6F353CAE3E96B72C33FB		missing
libs/imagelib/baredct/idct_ap922_float_xenon.h	.h	0EB000BDD5B906206DDA7CF406BB948D		missing
libs/imagelib/baredct/idct_ap922_int.h	.h	41DF3740413E046255136528761A3CC3		missing
libs/imagelib/baredct/idct_ap922_int_mmx.h	.h	24FEDE180F18EF5F4404D4212EF789C2		missing
libs/imagelib/baredct/idct_ap922_int_sse2.h	.h	7CF43D923BCA70F88821227F7ACF1F59		missing
libs/imagelib/baredct/idct_ap922_int_w.h	.h	224D429FEA12FE8E79D23A254114801A		missing
libs/imagelib/baredct/idct_ap922_int_w_mmx.cpp	.cpp	F63214C8951E378FF384DF5AA427DEC7		missing
libs/imagelib/baredct/idct_ap922_int_w_mmx.h	.h	53635FF98C1D67E4DE1DED2CF0FDE582		missing
libs/imagelib/baredct/idct_ap922_int_w_sse2.cpp	.cpp	B28CA1B2F0D4B750BCF90C2245919DB3		missing
libs/imagelib/baredct/idct_ap922_int_w_sse2.h	.h	1503FE95B98461B68ABA3D97346FE491		missing
libs/imagelib/baredct/idct_llm_int.h	.h	43774DB65ADACAE6DDAB067E45130268		missing
libs/imagelib/color/colorspace.cpp	.cpp	227760E7DF8E7832E9BBCED5F7DF2A6A		missing
libs/imagelib/color/colorspace.h	.h	C4779E1102183C73568715219B3D758C		missing
libs/imagelib/cubemaputils.cpp	.cpp	AAAF5DAB615EDC19685E211BA3D4F3FC		missing
libs/imagelib/cubemaputils.h	.h	0576078D41FA7142C37A3E14689FEEB3		missing
libs/imagelib/dxt/dxtcodec.h	.h	5B92C6472ED251E181905DFEA570522C		missing
libs/imagelib/dxt/dxtdecoder.cpp	.cpp	A6BDFB209C753D7D42780DC1D9B412E5		missing
libs/imagelib/dxt/dxtencoder.cpp	.cpp	525720362EBD8A251FB31D7D8DC3AB1D		missing
libs/imagelib/dxt/dxtencoder_mmx.cpp	.cpp	15FBB3C7342B58311640C5BB709CCDE9		missing
libs/imagelib/dxt/dxtencoder_sse2.cpp	.cpp	75585D90F59371DEBA2E086410B6FFCE		missing
libs/imagelib/dxt/dxtencoder_xenon.cpp	.cpp	414DB8EA4AC2C03E1E05004E82E2647F		missing
libs/imagelib/filter/filter.cpp	.cpp	9617A52AD4723846DB06CE64AA66944E		missing
libs/imagelib/filter/filter.h	.h	70705F5A8F57E91FA98C6C558B862FDE		missing
libs/imagelib/filter/filter_bicubic_float_simd.h	.h	0883F6D854C6EA5E19BCFF08A3298379		missing
libs/imagelib/filter/filter_bicubic_float_sse2.h	.h	28E140E776F4CFABAA4D123E89FD9B0C		missing
libs/imagelib/filter/filter_bicubic_float_xenon.cpp	.cpp	B1889F2BFAF081DE1B7805827F9E43DC		missing
libs/imagelib/filter/filter_bicubic_float_xenon.h	.h	613C5336DE4A6923AA92AF277EA22EEF		missing
libs/imagelib/filter/filter_bicubic_int_mmx.cpp	.cpp	6C4A0407EDA2D32DB0162C159BF99B52		missing
libs/imagelib/filter/filter_bicubic_int_mmx.h	.h	6B52BFC9A90F49C575E179556D376FB0		missing
libs/imagelib/filter/filter_bicubic_int_simd.cpp	.cpp	71319E578804CC88593E0F8035927523		missing
libs/imagelib/filter/filter_bicubic_int_simd.h	.h	6795B2FE9D2D21A03635467603F4892A		missing
libs/imagelib/filter/filter_bicubic_int_sse2.cpp	.cpp	4CDC6BBEBAFEE11628040534B7F50A86		missing
libs/imagelib/filter/filter_bicubic_int_sse2.h	.h	24B6834D8FE128BAE9375B420A1A87E0		missing
libs/imagelib/filter/mipmap.cpp	.cpp	F648A84D778EAE1A9EAA9FFE28024027		missing
libs/imagelib/filter/mipmap.h	.h	7F351A03150AF85ABFBECB3348B1DDEF		missing
libs/imagelib/filter/mipmap_mmx.cpp	.cpp	4AA4E665687915071717051D9958FB80		missing
libs/imagelib/filter/mipmap_sse2.cpp	.cpp	4DA2579D4222A1409C24A7512AF621F9		missing
libs/imagelib/filter/mipmap_xenon.cpp	.cpp	EF19AE4CBC74E000FB098C75959E386A		missing
libs/logitech/lcdlib/include/lglcd.h	.h	C12E4366D48438D84B925030A277FCFD		missing
libs/massive/include/massiveadobjectsubscriber.h	.h	DF3C38C93BA73F6F42EEC3C237D9E68C		missing
libs/massive/include/massiveclientcore.h	.h	944FBBEC27E018E9A394F35F8F536B74		missing
libs/massive/include/massivemediatypes.h	.h	B622EFC5EAAC8B6DBDE46EC230EE5A93		missing
libs/massive/include/massivepublickey.h	.h	C8075B991C78D82C2DD9E041F8DB075B		missing
libs/ogg/libogg/include/ogg/ogg.h	.h	21F8C3AC8C9B8AEA300972AA0E201CA5	21F8C3AC8C9B8AEA300972AA0E201CA5	exact
libs/ogg/libogg/include/ogg/os_types.h	.h	2391C135B106E9C865A39ED9754A3782	3DBE77CA8556E40D9AD8BD950F7E7245	different
libs/ogg/libogg/src/bitwise.c	.c	467D7C1556CB7AE5EF78B10D56849D26	467D7C1556CB7AE5EF78B10D56849D26	exact
libs/ogg/libogg/src/framing.c	.c	DEF491B79D72B6E37FE8A266DCF8420B	5B71A920B97B87166CC095D89259792F	different
libs/ogg/libtheora/include/theora/theora.h	.h	9BF22DDC317B0EE8A3B66311AF149741	9BF22DDC317B0EE8A3B66311AF149741	exact
libs/ogg/libtheora/lib/block_inline.h	.h	6F05CEB8EECF8C2FE8CFFF954D1E9BB4	6F05CEB8EECF8C2FE8CFFF954D1E9BB4	exact
libs/ogg/libtheora/lib/blockmap.c	.c	A43FF3755C22B1ABD540B1BB7E922147	A43FF3755C22B1ABD540B1BB7E922147	exact
libs/ogg/libtheora/lib/codec_internal.h	.h	E51663B69AD4DCC6AEAB87243A40C776	E51663B69AD4DCC6AEAB87243A40C776	exact
libs/ogg/libtheora/lib/comment.c	.c	992C9EC18ADCA5BFFC8F1D9D47E95913	992C9EC18ADCA5BFFC8F1D9D47E95913	exact
libs/ogg/libtheora/lib/cpu.c	.c	8731AF0ED79730EFB61C5B8ACAB0B75F	8731AF0ED79730EFB61C5B8ACAB0B75F	exact
libs/ogg/libtheora/lib/cpu.h	.h	C38B08CECBD812036CE057E4A40E88CD	C38B08CECBD812036CE057E4A40E88CD	exact
libs/ogg/libtheora/lib/dct.c	.c	2FD3D4E6BC74091374E9DFC3F1C83A37	2FD3D4E6BC74091374E9DFC3F1C83A37	exact
libs/ogg/libtheora/lib/dct_decode.c	.c	E3765183829914D4DBD9F338D1B6C906	E3765183829914D4DBD9F338D1B6C906	exact
libs/ogg/libtheora/lib/dct_encode.c	.c	87FA84B7EEFE17FD6848DC7C0FFBFCB3	87FA84B7EEFE17FD6848DC7C0FFBFCB3	exact
libs/ogg/libtheora/lib/decode.c	.c	3A417F994621483A9B609B4A5A1DDC2D	3A417F994621483A9B609B4A5A1DDC2D	exact
libs/ogg/libtheora/lib/dsp.c	.c	3CB46BA81ED17F4CBFA84C8DB6706FF5	3CB46BA81ED17F4CBFA84C8DB6706FF5	exact
libs/ogg/libtheora/lib/dsp.h	.h	A9105743B7E8146864EBD00BC7F86D30	A9105743B7E8146864EBD00BC7F86D30	exact
libs/ogg/libtheora/lib/encode.c	.c	A6A597117A2C8B2D6715F9C0F9C4E59F	A6A597117A2C8B2D6715F9C0F9C4E59F	exact
libs/ogg/libtheora/lib/encoder_lookup.h	.h	B6CF0ADE186B84E919226B7D67FF40C5	B6CF0ADE186B84E919226B7D67FF40C5	exact
libs/ogg/libtheora/lib/encoder_toplevel.c	.c	3F38AF6D495C9C906832E16B5C231F7E	3F38AF6D495C9C906832E16B5C231F7E	exact
libs/ogg/libtheora/lib/frarray.c	.c	E3A4CFA5E5C1F98097CE9E68F74616BE	E3A4CFA5E5C1F98097CE9E68F74616BE	exact
libs/ogg/libtheora/lib/frinit.c	.c	DBCEFFE9A00BA98029BB82CE668B9D5D	BF7D1565C1F9BE4295243B7860A3989C	different
libs/ogg/libtheora/lib/huffman.c	.c	EAAE9CC8F5B331A4DA7188348C7A590C	EAAE9CC8F5B331A4DA7188348C7A590C	exact
libs/ogg/libtheora/lib/huffman.h	.h	758D54E9537791A2DA7F460BFF6C9E1B	758D54E9537791A2DA7F460BFF6C9E1B	exact
libs/ogg/libtheora/lib/hufftables.h	.h	6D15D18A37AD03960E61D183C2334F43	6D15D18A37AD03960E61D183C2334F43	exact
libs/ogg/libtheora/lib/idct.c	.c	C73441A4CB64A1C9B40A6F0CEE6C8863	C73441A4CB64A1C9B40A6F0CEE6C8863	exact
libs/ogg/libtheora/lib/mcomp.c	.c	498B75612F18CEF01F12354E39891D0C	498B75612F18CEF01F12354E39891D0C	exact
libs/ogg/libtheora/lib/misc_common.c	.c	92F97BB5CA0E1B835E711143BBA77ACD	92F97BB5CA0E1B835E711143BBA77ACD	exact
libs/ogg/libtheora/lib/pb.c	.c	02E2982EA39EE220EDDA2D1D9930372C	02E2982EA39EE220EDDA2D1D9930372C	exact
libs/ogg/libtheora/lib/pp.c	.c	8F7F443B32A6AE182C8824F87A710C60	8F7F443B32A6AE182C8824F87A710C60	exact
libs/ogg/libtheora/lib/pp.h	.h	5370AE857B770AA208C81611BF9E60B3	5370AE857B770AA208C81611BF9E60B3	exact
libs/ogg/libtheora/lib/quant.c	.c	AE6D894FCCAD84ACA7D5A9F3F49BE68B	AE6D894FCCAD84ACA7D5A9F3F49BE68B	exact
libs/ogg/libtheora/lib/quant_lookup.h	.h	73CA43CC08BAD1094EEF76F9AFA272BC	73CA43CC08BAD1094EEF76F9AFA272BC	exact
libs/ogg/libtheora/lib/reconstruct.c	.c	D24CEE369C4CB2C7BFC1E20F7F2BA631	D24CEE369C4CB2C7BFC1E20F7F2BA631	exact
libs/ogg/libtheora/lib/scan.c	.c	D7AE5FB325AC88485CFA674F73E6458B	D7AE5FB325AC88485CFA674F73E6458B	exact
libs/ogg/libtheora/lib/toplevel.c	.c	4171CE18E6A9B297E39A7352A6041358	4171CE18E6A9B297E39A7352A6041358	exact
libs/ogg/libtheora/lib/toplevel.h	.h	5DDCF974DFAC800D9966199FD55C6F68	5DDCF974DFAC800D9966199FD55C6F68	exact
libs/ogg/libtheora/lib/toplevel_lookup.h	.h	28382FF1FD07390C5C8E024ACA2D2292	28382FF1FD07390C5C8E024ACA2D2292	exact
libs/ogg/libtheora/lib/x86_32_vs/dsp_mmx.c	.c	105886717B1D9455AAFB0940336186C8	A01794C851CD8FBF5A46055549C4C2E8	different
libs/ogg/libtheora/lib/x86_32_vs/fdct_mmx.c	.c	A64CA1D9EB76F036DA1CDF56C3A73F88	4CFFC2713CDFFC2661DC4ECC8A0DFF77	different
libs/ogg/libtheora/lib/x86_32_vs/recon_mmx.c	.c	402878372957372D6753E891C4434D93	E3E16C9DD025D4BDB739BC84F97D0563	different
libs/ogg/libvorbis/include/vorbis/codec.h	.h	C96B62E8A937000E06B0E52B90CC9871	C96B62E8A937000E06B0E52B90CC9871	exact
libs/ogg/libvorbis/include/vorbis/vorbisfile.h	.h	FA69FEDA60F74F83DBC32B633AC9707B	FA69FEDA60F74F83DBC32B633AC9707B	exact
libs/ogg/libvorbis/lib/analysis.c	.c	1AE0485C9D2E44C8127743F4D149C70D	1AE0485C9D2E44C8127743F4D149C70D	exact
libs/ogg/libvorbis/lib/backends.h	.h	A1256960DDF32223A78342CBE817D6D8	A1256960DDF32223A78342CBE817D6D8	exact
libs/ogg/libvorbis/lib/bitrate.c	.c	418F7E06874A8EB1E73C5ABD337EBE40	418F7E06874A8EB1E73C5ABD337EBE40	exact
libs/ogg/libvorbis/lib/bitrate.h	.h	71F8340BE15FC8749C8F0670762DF325	71F8340BE15FC8749C8F0670762DF325	exact
libs/ogg/libvorbis/lib/block.c	.c	F32CF621CAE0E609F67FC4F0719DA3B1	F32CF621CAE0E609F67FC4F0719DA3B1	exact
libs/ogg/libvorbis/lib/codebook.c	.c	DA3E1DBAC3BA8B46078A109205193CAC	DA3E1DBAC3BA8B46078A109205193CAC	exact
libs/ogg/libvorbis/lib/codebook.h	.h	F9FB67E6C4AB6E3CE0291ECBEE7514A9	F9FB67E6C4AB6E3CE0291ECBEE7514A9	exact
libs/ogg/libvorbis/lib/codec_internal.h	.h	96B694DD295AB86FA4BE584314CB6942	96B694DD295AB86FA4BE584314CB6942	exact
libs/ogg/libvorbis/lib/envelope.c	.c	A6B068D3AE3F85FAC0DC5CDC6BBC3A24	A6B068D3AE3F85FAC0DC5CDC6BBC3A24	exact
libs/ogg/libvorbis/lib/envelope.h	.h	D749D5D7C5500CEBDECC60099B87C094	D749D5D7C5500CEBDECC60099B87C094	exact
libs/ogg/libvorbis/lib/floor0.c	.c	6B8627068E07A84326635E49C9EF7260	6B8627068E07A84326635E49C9EF7260	exact
libs/ogg/libvorbis/lib/floor1.c	.c	39869F2D9701E38521C0BB8653EA4CDF	39869F2D9701E38521C0BB8653EA4CDF	exact
libs/ogg/libvorbis/lib/highlevel.h	.h	2B7A527C8A88CF3119B613EFEBAE0D97	2B7A527C8A88CF3119B613EFEBAE0D97	exact
libs/ogg/libvorbis/lib/info.c	.c	F8800AC99864966744BEF43B6EBC3E1C	F8800AC99864966744BEF43B6EBC3E1C	exact
libs/ogg/libvorbis/lib/lookup.c	.c	2FD1594A43067B5DDE80E7A43B22469D	2FD1594A43067B5DDE80E7A43B22469D	exact
libs/ogg/libvorbis/lib/lookup.h	.h	3FFB7E05CE52B9409125C8DD1129AF77	3FFB7E05CE52B9409125C8DD1129AF77	exact
libs/ogg/libvorbis/lib/lookup_data.h	.h	5A31C52022406E855FA560EB95BAF7C4	5A31C52022406E855FA560EB95BAF7C4	exact
libs/ogg/libvorbis/lib/lpc.c	.c	15C558A9EA0490D0026B61FBCB28AB47	15C558A9EA0490D0026B61FBCB28AB47	exact
libs/ogg/libvorbis/lib/lpc.h	.h	29BC58EC94E0012C12EE747AFC3BCBAA	29BC58EC94E0012C12EE747AFC3BCBAA	exact
libs/ogg/libvorbis/lib/lsp.c	.c	AA1CD79B2ED77A9C0350A354DDEFB586	034C962CF8FFE9F2C352CA1CFE247135	different
libs/ogg/libvorbis/lib/lsp.h	.h	B2D4BFD9DEA364BCED6051408DAB0B3E	B2D4BFD9DEA364BCED6051408DAB0B3E	exact
libs/ogg/libvorbis/lib/mapping0.c	.c	7A9073DC57A8952C58C7364DF7A41CAB	7A9073DC57A8952C58C7364DF7A41CAB	exact
libs/ogg/libvorbis/lib/masking.h	.h	7C3B4174D3F46AA35881FEDFD4377B2D	7C3B4174D3F46AA35881FEDFD4377B2D	exact
libs/ogg/libvorbis/lib/mdct.c	.c	3A81E0F22C2F9354A8D874B01875E2F2	3A81E0F22C2F9354A8D874B01875E2F2	exact
libs/ogg/libvorbis/lib/mdct.h	.h	0B37F0B6BC28E9EBE65A56692837FADD	0B37F0B6BC28E9EBE65A56692837FADD	exact
libs/ogg/libvorbis/lib/misc.h	.h	95A3D1D658DC677D4E1139A9CB47C991	95A3D1D658DC677D4E1139A9CB47C991	exact
libs/ogg/libvorbis/lib/os.h	.h	225FCD2FE1BF3CC17492D664541C0F1B	656DA795E16587748756343957665CDA	different
libs/ogg/libvorbis/lib/psy.c	.c	2E08B2C9BE7565E19877D267EA46D612	2E08B2C9BE7565E19877D267EA46D612	exact
libs/ogg/libvorbis/lib/psy.h	.h	CA0F1F2FF49D051721EEBF4D180B5864	CA0F1F2FF49D051721EEBF4D180B5864	exact
libs/ogg/libvorbis/lib/registry.c	.c	2A9CE22AB09503EA12FD19C193ABC9C9	2A9CE22AB09503EA12FD19C193ABC9C9	exact
libs/ogg/libvorbis/lib/registry.h	.h	2EFB9FDB34D67D0E8E69D847081198CF	2EFB9FDB34D67D0E8E69D847081198CF	exact
libs/ogg/libvorbis/lib/res0.c	.c	45D3631BFD9FBCD0F63140EAF8FD8676	45D3631BFD9FBCD0F63140EAF8FD8676	exact
libs/ogg/libvorbis/lib/scales.h	.h	8F1F5171D931B149EB30BB1DC887F464	343253A8C032DE445CC042048CE7E122	different
libs/ogg/libvorbis/lib/sharedbook.c	.c	2346BA454C577A61AA2B0927619CEAEB	2346BA454C577A61AA2B0927619CEAEB	exact
libs/ogg/libvorbis/lib/smallft.c	.c	D468353E2E68616A089DAD3DA8F008E1	D468353E2E68616A089DAD3DA8F008E1	exact
libs/ogg/libvorbis/lib/smallft.h	.h	F206D2D03EA8380B8613C6A12B7E3244	F206D2D03EA8380B8613C6A12B7E3244	exact
libs/ogg/libvorbis/lib/synthesis.c	.c	22AFFCFA91E79ABE8E356B8C20047453	22AFFCFA91E79ABE8E356B8C20047453	exact
libs/ogg/libvorbis/lib/vorbisfile.c	.c	F9F987F57ED8D7FA8AF6A1DA71D6B6E5	9D5CC829949C3B2F958224B6CACC7CAE	different
libs/ogg/libvorbis/lib/window.c	.c	F44694F8C101ECF4102860AF542084B5	F44694F8C101ECF4102860AF542084B5	exact
libs/ogg/libvorbis/lib/window.h	.h	AE21535C1B74AFCF5A5996A6DA8DDBE8	AE21535C1B74AFCF5A5996A6DA8DDBE8	exact
libs/punkbuster/pbcl.cpp	.cpp	FDA8BF4BD4DCDC930BC816F2E65E58FA		missing
libs/punkbuster/pbcl.h	.h	D8E53B7D7F54A24F776505763313AF9A		missing
libs/punkbuster/pbcommon.h	.h	01AE7FC134562E1AC0D42BCD33D6F102		missing
libs/punkbuster/pbmd5.cpp	.cpp	2743C7A31291F51BC0242EC173125C0E	E2872CB436CF50A170C1100286DBDCD7	different
libs/punkbuster/pbmd5.h	.h	41870182B1F48CD6861F29032BA63756	72BC35C2984297303A444AA9B9866C53	different
libs/punkbuster/pbsdk.cpp	.cpp	60BAE9172A1076CC9DC20565186E26AB		missing
libs/punkbuster/pbsdk.h	.h	EB0A4A77DA43BB324E44E844F7FD1B4E		missing
libs/punkbuster/pbsv.cpp	.cpp	6B146F78A257352D1AEE1BA50525D375		missing
libs/punkbuster/pbsv.h	.h	D1B2D4E23C8E2590DF375C6F141A41C2		missing
libs/qgllib/cg.cpp	.cpp	9C9E5CC35863160A8A4BB54C841743E1	5B2AF5B7568ECE16D7A70D580F7D3C51	different
libs/qgllib/cg/cg_bindlocations.h	.h	D37D6603F9E65F3A05C6D6475982F188	D1CF212246C7E75292B1D539BFFD19F4	different
libs/qgllib/cg/cg_datatypes.h	.h	D921685BA52417AD168C9BC7DB7AFBF4	00AAFA9EB563E9AF4D57413012023B0C	different
libs/qgllib/cg/cg_enums.h	.h	9080148E9C5537ABB41D4AC314CC3086	587B65F16013E4031CEC78BF0D504AAC	different
libs/qgllib/cg/cg_errors.h	.h	E06B2932E6F8153E2CFC2C9BB0581C04	34FABCF1C888A5F0531013CCB4DBB995	different
libs/qgllib/cg/cg_profiles.h	.h	383132F7046B1937F29CE7FBC9038F26	452285D3A0C12E151807EA43680EA938	different
libs/qgllib/cg/cggl_profiles.h	.h	F929ECA017712F1FC9DEEF9FDE0E2E60	5085BC036EC332E84C9AFBAE28F6BCD4	different
libs/qgllib/gl.h	.h	75C337E93D21BDBA51E2B76EDD8B57A2	75C337E93D21BDBA51E2B76EDD8B57A2	exact
libs/qgllib/glext.h	.h	72D2B0C7B8E2797825758B432F883EB9	1ED6C35E4C50D33149183ED8C727A43B	different
libs/qgllib/precompiled.h	.h	23558E1D9AA641B20969C6DEAC453CFD	4C1873A710AD442787FE3E2FF57EFD5E	different
libs/qgllib/qcg.h	.h	7F776DCF55E05EC4D08200809623617D	8F8244889724CF182E5575BA88133331	different
libs/qgllib/qgl.h	.h	ED5B91B94693C2AA97F6B319271F245F	C845536D8C37703B1EDE5C3E4CEEBD8D	different
libs/qgllib/qgldefines.h	.h	693420A76619AF704B0430B2388E3038	693420A76619AF704B0430B2388E3038	exact
libs/qgllib/qgllib.cpp	.cpp	24E907998E312C96FBAB58E53F73D9A7	B275B70EA4BAB8021BEB6BF3EB686A17	different
libs/speex/speex/include/speex/speex.h	.h	05D06A7DEC0B0C72722FE818184A4929	05D06A7DEC0B0C72722FE818184A4929	exact
libs/speex/speex/include/speex/speex_bits.h	.h	9FDCF662137ABB5EB4995AF10012F311	9FDCF662137ABB5EB4995AF10012F311	exact
libs/speex/speex/include/speex/speex_callbacks.h	.h	4BB1C8AF7EADFD7900196C48754C1D2D	4BB1C8AF7EADFD7900196C48754C1D2D	exact
libs/speex/speex/libspeex/bits.c	.c	944692909A0D8C25118366B66BF07F37	944692909A0D8C25118366B66BF07F37	exact
libs/speex/speex/libspeex/cb_search.c	.c	97E409CA40155B98D448EAABA2F8548C	97E409CA40155B98D448EAABA2F8548C	exact
libs/speex/speex/libspeex/cb_search.h	.h	3FF909DA6C641BC459816A5982854E7C	3FF909DA6C641BC459816A5982854E7C	exact
libs/speex/speex/libspeex/exc_10_16_table.c	.c	527ABA8017B1D62A707D5861EB06A10A	527ABA8017B1D62A707D5861EB06A10A	exact
libs/speex/speex/libspeex/exc_10_32_table.c	.c	3CB854BE1E7279260401C4FF33C4011F	3CB854BE1E7279260401C4FF33C4011F	exact
libs/speex/speex/libspeex/exc_20_32_table.c	.c	C837520D17C28CAA42ABA18F08727AF4	C837520D17C28CAA42ABA18F08727AF4	exact
libs/speex/speex/libspeex/exc_5_256_table.c	.c	0E2C0763E8657F4C0ECEC1C6690E1734	0E2C0763E8657F4C0ECEC1C6690E1734	exact
libs/speex/speex/libspeex/exc_5_64_table.c	.c	7D3DCA30F6371353125E8ECB25FDFF87	7D3DCA30F6371353125E8ECB25FDFF87	exact
libs/speex/speex/libspeex/exc_8_128_table.c	.c	80DEF7DF971F56161F2BC0B047E0FB3F	80DEF7DF971F56161F2BC0B047E0FB3F	exact
libs/speex/speex/libspeex/filters.c	.c	629A425D0DB585F6D4E4788DCF0D8F4B	629A425D0DB585F6D4E4788DCF0D8F4B	exact
libs/speex/speex/libspeex/filters.h	.h	498DFE7BF82A6A9CEDD77E95589D64E4	498DFE7BF82A6A9CEDD77E95589D64E4	exact
libs/speex/speex/libspeex/gain_table.c	.c	164FA488E5DD4DFC1B8CB5D5E54C40EF	164FA488E5DD4DFC1B8CB5D5E54C40EF	exact
libs/speex/speex/libspeex/gain_table_lbr.c	.c	781DC2259A97F0A32E52840891E08CAB	781DC2259A97F0A32E52840891E08CAB	exact
libs/speex/speex/libspeex/hexc_10_32_table.c	.c	CD457363F4594446502E5AD317E8940E	CD457363F4594446502E5AD317E8940E	exact
libs/speex/speex/libspeex/hexc_table.c	.c	EA88BB72D2D5958F374676958DF86A02	EA88BB72D2D5958F374676958DF86A02	exact
libs/speex/speex/libspeex/high_lsp_tables.c	.c	0AB48E0DB9F517FE1063386EA3313F06	0AB48E0DB9F517FE1063386EA3313F06	exact
libs/speex/speex/libspeex/lpc.c	.c	2E8A89E67B1409431CEE1258352BEA3C	2E8A89E67B1409431CEE1258352BEA3C	exact
libs/speex/speex/libspeex/lpc.h	.h	4772FB3A59BDE5C4C704DE1D3EB697B0	4772FB3A59BDE5C4C704DE1D3EB697B0	exact
libs/speex/speex/libspeex/lsp.c	.c	B3B577DCCA1CD07F0A4D239732D2D684	B3B577DCCA1CD07F0A4D239732D2D684	exact
libs/speex/speex/libspeex/lsp.h	.h	96B27E8547BD25F43B06B07113197328	96B27E8547BD25F43B06B07113197328	exact
libs/speex/speex/libspeex/lsp_tables_nb.c	.c	606982AF36FEFC34B7FB82E03AAF0140	606982AF36FEFC34B7FB82E03AAF0140	exact
libs/speex/speex/libspeex/ltp.c	.c	3FA2ABDCD96964F4ADC1E2225B47E0A3	3FA2ABDCD96964F4ADC1E2225B47E0A3	exact
libs/speex/speex/libspeex/ltp.h	.h	729344004479939E1042339BADA688E2	729344004479939E1042339BADA688E2	exact
libs/speex/speex/libspeex/misc.c	.c	7BEB95CF3E5349454108E33F9399935B	7BEB95CF3E5349454108E33F9399935B	exact
libs/speex/speex/libspeex/misc.h	.h	5F23C5C94CA894E22CEAAC87570207E9	5F23C5C94CA894E22CEAAC87570207E9	exact
libs/speex/speex/libspeex/modes.c	.c	1F4E774559FF084F6E7F5DCB77A7BCFA	1F4E774559FF084F6E7F5DCB77A7BCFA	exact
libs/speex/speex/libspeex/modes.h	.h	51497E83E05E2A3E722966A7F36E959D	51497E83E05E2A3E722966A7F36E959D	exact
libs/speex/speex/libspeex/nb_celp.c	.c	ADA9BDF3B252F53F9F1CFA98C6FAEBF9	ADA9BDF3B252F53F9F1CFA98C6FAEBF9	exact
libs/speex/speex/libspeex/nb_celp.h	.h	98FF958305CAE81DA2DC248A0FBDFD56	98FF958305CAE81DA2DC248A0FBDFD56	exact
libs/speex/speex/libspeex/quant_lsp.c	.c	38A4024C6DEA2FB8F87F3041DCF57BCA	38A4024C6DEA2FB8F87F3041DCF57BCA	exact
libs/speex/speex/libspeex/quant_lsp.h	.h	0E76BC74FD407B1E6011FE9C7DEA03DE	0E76BC74FD407B1E6011FE9C7DEA03DE	exact
libs/speex/speex/libspeex/sb_celp.c	.c	C77D760BA8202444D709079FF6D0BCA2	C77D760BA8202444D709079FF6D0BCA2	exact
libs/speex/speex/libspeex/sb_celp.h	.h	6FB96364B068F6EE94637E8DA4043451	6FB96364B068F6EE94637E8DA4043451	exact
libs/speex/speex/libspeex/speex_callbacks.c	.c	0E0C06279B83B1F3D4D6E87E64D48F73	0E0C06279B83B1F3D4D6E87E64D48F73	exact
libs/speex/speex/libspeex/stack_alloc.h	.h	4FDE4CDD1B77C1A263E8F9F17BDDE6B5	4FDE4CDD1B77C1A263E8F9F17BDDE6B5	exact
libs/speex/speex/libspeex/vbr.c	.c	1B6CB83FAC607B4B286CA27F02D6A7B6	1B6CB83FAC607B4B286CA27F02D6A7B6	exact
libs/speex/speex/libspeex/vbr.h	.h	CA6C94F7BF88A2B8C1C191F39C86F871	CA6C94F7BF88A2B8C1C191F39C86F871	exact
libs/speex/speex/libspeex/vq.c	.c	40111CC264CC95059868443D0AEE4ADE	40111CC264CC95059868443D0AEE4ADE	exact
libs/speex/speex/libspeex/vq.h	.h	E5F2D6658EA6D2CF3FAAC1A97FA39AF1	E5F2D6658EA6D2CF3FAAC1A97FA39AF1	exact
libs/zlib/adler32.c	.c	A6E767699D7B6C1C28A2730530AAF1FA	A6E767699D7B6C1C28A2730530AAF1FA	exact
libs/zlib/contrib/masmx86/inffas32.asm	.asm	93E364A56CFEE9B6DAE102C6BD521D1A	4764E5CDF9E375AF34BF23C901B9D3A7	different
libs/zlib/crc32.c	.c	A7F7F2AAEA01F565675B3468ACCA439C	A7F7F2AAEA01F565675B3468ACCA439C	exact
libs/zlib/crc32.h	.h	449503AFD349D079AA14DECD969B0245	449503AFD349D079AA14DECD969B0245	exact
libs/zlib/inffast.h	.h	D2216948DC39236C1935323A96E05D9F	D2216948DC39236C1935323A96E05D9F	exact
libs/zlib/inffixed.h	.h	A9A5160764EB60F6E6E4873DD8F8F7EF	A9A5160764EB60F6E6E4873DD8F8F7EF	exact
libs/zlib/inflate.c	.c	9132E0C3C8F19D887904D8BA81446A33	9132E0C3C8F19D887904D8BA81446A33	exact
libs/zlib/inflate.h	.h	63AAB5FDAE9CB07BFB09B70C3B559927	63AAB5FDAE9CB07BFB09B70C3B559927	exact
libs/zlib/inftrees.c	.c	A6A36B368661BDABF81B1FE66F3E1831	A6A36B368661BDABF81B1FE66F3E1831	exact
libs/zlib/inftrees.h	.h	C6ED23F8705D10B37D9B6D3DEA76EF7D	C6ED23F8705D10B37D9B6D3DEA76EF7D	exact
libs/zlib/zconf.h	.h	87D26218BC7CDAF189DC95257D37DBC4	87D26218BC7CDAF189DC95257D37DBC4	exact
libs/zlib/zlib.h	.h	3AC552A4970535B0F920F76513896964	3AC552A4970535B0F920F76513896964	exact
libs/zlib/zutil.c	.c	4156C94CDFD9C48C4246FE4EE160F96C	4156C94CDFD9C48C4246FE4EE160F96C	exact
libs/zlib/zutil.h	.h	D2C66E8431C7CD901BCCBE4AB085B252	D2C66E8431C7CD901BCCBE4AB085B252	exact
mssdk/include/ctfutb.h	.h	176EBFA5C4BD69D540BBD03A04723932		missing
mssdk/include/dbghelp.h	.h	CE0681047C46DCEBA5A864FAF2784424		missing
mssdk/include/dinput.h	.h	0DC2C3292F622F1FF6952A163ED336CC		missing
mssdk/include/dsound.h	.h	3A8CF030B50368D90A64F0AF1F40A31A		missing
mssdk/include/dxdiag.h	.h	29A1370E2E101AA7CF84DE9929537698		missing
mssdk/include/dxerr8.h	.h	B0645C700874475F3626E6C4B22DB8BA		missing
mssdk/include/gameux.h	.h	1F27E10A49D38E3AA3BAE115AC7FAC14		missing
mssdk/include/immdev.h	.h	160BA81645F07110F67AE686FD903977		missing
mssdk/include/minispecstrings.h	.h	2D321FFD9B101D44783FDDEA506753EC		missing
mssdk/include/msctf.h	.h	3678AC6625258E17DBEAF71E1EEDDFA3		missing
mssdk/include/rpcsal.h	.h	6A1D2649BCFC51A013822ADCBB7256FD		missing
mssdk/include/strsafe.h	.h	420396B7C369755E970DE431A3F51D80		missing
mssdk/include/textstor.h	.h	7270501B747BC637AFF6BD2AED602F05		missing
mssdk/include/xinput.h	.h	87AB6C6D6EF0D0ED376A04A3BC4E2114		missing
openal/idal.cpp	.cpp	324F937E403571B8027F959E8AFF71B8	B52E325A909EBA897BA6361B3EFF698B	different
openal/idal.h	.h	7842CFE1B37C0D494EC81B71E6A25EE1	3DDF1597E0765DE4692A8C091B0616D0	different
openal/include/al.h	.h	31296B741B0E2C53EF4C419676498B68	17F5666547CFCB0E64B7CEC936FCB8B9	different
openal/include/alc.h	.h	5BE3475A335F9F227F295606B0102913	33EA713A39DF491CBEB31DE11011D223	different
openal/sound_openal.cpp	.cpp	B118DCB1289579640309E7478799B26A		missing
renderer/cinematic.h	.h	FCADF32F006F458D22DB3B70C5F37377	FCADF32F006F458D22DB3B70C5F37377	exact
renderer/devicecontext.cpp	.cpp	E57814EA69BBA2E43B3731F5A0BB1491	EBE0ADAFDE12F31F02F65C63C9BE9A24	different
renderer/devicecontext.h	.h	FDE65601067B78902C954C0C35466845	FDE65601067B78902C954C0C35466845	exact
renderer/draw_arb2.cpp	.cpp	DDD64CDA878A32A4514F5F1A8A71D789	28064FD2A284440FCC6CF4CF4B265F88	different
renderer/draw_atmosphere.cpp	.cpp	1D2AB84A5A1864B3A0D433017D6E1137	10F786B47FFB8C231EC1F64792878B05	different
renderer/draw_common.cpp	.cpp	7E7AF2E2ADBAD704D266F164267A2229	3F791A9E9B3A158F5377E4C62C882709	different
renderer/draw_foglights.cpp	.cpp	E8C7D4CD2561ECE0133F5C69E0E087B6		missing
renderer/draw_new.cpp	.cpp	BCF883BFAAF697B233BCEF2ECC83BB82		missing
renderer/draw_ocq.cpp	.cpp	62776D04B662B00FF2859DCC96D23A3F		missing
renderer/draw_shadow.cpp	.cpp	3459F6EA2AE05B55316B59B149348F0E		missing
renderer/draw_shadowmap.cpp	.cpp	F27B512F765EF04B933FCAAE2228F1E7		missing
renderer/dynamicmodelcache.cpp	.cpp	E422CD3EED6ADDE90CD6111C43AAE0BE	12BD02B26BE6D415878F74D90AFF7C6E	different
renderer/dynamicmodelcache.h	.h	3C9ADA39A6D52E165FC52463A4703440	F96CB6C222F805CA89FDF9D72D63BC8B	different
renderer/fontmanager.cpp	.cpp	83C79B7FC17AE516C588A0AA1B6C518B		missing
renderer/fontmanager.h	.h	26DB2688909BEBD54A9AA94677FA5D4A		missing
renderer/framebuffer.cpp	.cpp	A9BE0B11E416ACA7274E929D4F39A54B		missing
renderer/framebuffer.h	.h	B2EC7E342D76CB0ED651448D0254BB97		missing
renderer/guimodel.cpp	.cpp	F6B39309F804FE42CF174729A9ECDD3E	741563640C4E6C27CBB1CD9D992CAF30	different
renderer/guimodel.h	.h	64A5493B950C27C8FB04E4F0D6FE75BA	932E47000E13E13553517255D10658F1	different
renderer/image.h	.h	7EF5DB43F29494330D5680CF5DD584E8	51592CE617DEDBA814F92D3B5C902E12	different
renderer/image_files.cpp	.cpp	99D6335E687DE98C9CD1FAE96F305CE7	F534E604BC0DFDB1D2BCE9DE4B9830C8	different
renderer/image_init.cpp	.cpp	A7CDD887DFC850D27689CA82BE786773	8CADF4FF5C29A804679441EBEF450713	different
renderer/image_load.cpp	.cpp	DE7652DA35AB72374CAFDA3234B727BA	2D9DF7D5D59E0FB37F631588180874BA	different
renderer/image_process.cpp	.cpp	3E7C5D1CA4827D0B32D1E941647245CF	1F8E5E121F7D0BF14361BD42983C92EE	different
renderer/image_processor.cpp	.cpp	6AFF273F192B5621FB0CBF0639B82B88	12425D1766A4E1C04B6419CEF1A0A836	different
renderer/image_processor.h	.h	DBA47D93D32CDF600A6469A397AAC918	27B406932280387ACDF2C502136C3292	different
renderer/image_program.cpp	.cpp	0E373ECB4AC175F1ED616786AB994816	B66571662B6C3BA8085BDACB51BE3894	different
renderer/image_resampler.cpp	.cpp	9EFB9AB2EC99FFC0A2A5C26665A8AA90	94C27816F98283B5D6E97A37A36641BA	different
renderer/image_resampler.h	.h	CD7A8756B68C38AF551ACC584A649CF7	2BEC3D79DF93A84153265A09477CBD7E	different
renderer/image_sequence.cpp	.cpp	206CC472C4B452B776866D3B3C7E55D6	8154D6215923799679D6846F1C585C3F	different
renderer/imposter.cpp	.cpp	3465E389B2E0B377142A50C4758AF380		missing
renderer/imposter.h	.h	FDA586C064319380D3412849CA14748E		missing
renderer/interaction.cpp	.cpp	C6D6E1C8658F4D64A98787EEC60CE4C8	C2435A73A49F2D132DFAFA560312693E	different
renderer/interaction.h	.h	A5FBE0E2167498FCE1E093A0BEF7E83E	747D79FDD04E196208B2E277B753C7C7	different
renderer/material.cpp	.cpp	0A4F408A1C7A6B8C5D92D09E06D9373A	6994A678C741DF2954E09A68DC93920E	different
renderer/material.h	.h	819BA3E0F34F899E68C31AB48793A078	819BA3E0F34F899E68C31AB48793A078	exact
renderer/megatexture/megatexture.cpp	.cpp	57ED8F1CB86168AC47C6C423543B1FD1	70DE1036F807825D14EDD9B837104C09	different
renderer/megatexture/megatexture.h	.h	81EDC4B0AB6B25232FA3BE5098027553	B1284C5D4BFEC9DC32BAFDD4D5655162	different
renderer/megatexture/megatexturecompressor.cpp	.cpp	8287C9450D87DE1423B59F3E3F317DEE	B5A5931F8D85753F90BE9E50F472A12F	different
renderer/megatexture/megatexturecompressor.h	.h	764ED78FA1ABB1BB5A05E4EE5A5FB830	95A24A2E131C158ABC8E34294066AFAE	different
renderer/megatexture/megatexturetiledecompressor.cpp	.cpp	BAE7F893480D6E1E7EE4FAAA19CBE39A	59DCD80E51D318520BF0227A6D4DFC4A	different
renderer/megatexture/megatexturetiledecompressor.h	.h	78D95A355AF925698842609093561946	2F540CCA7B7ED58712EDFFE972A7DE5A	different
renderer/megatexture/megatexturetileloader.cpp	.cpp	12D860B04DF5C3DB20D6B15343011CDB	55AA6ECDC78F68143E296049B302DF31	different
renderer/megatexture/megatexturetileloader.h	.h	D99409F4C7469533D8CD1D73355F4242	5026D2AB00D1F32C10E2A213CE2B80F7	different
renderer/model.cpp	.cpp	0A93066169D62D5F763FA60D248964DC	D73A4D722E367BE36C4E85B2F6A8C770	different
renderer/model.h	.h	FC857CFC824F64D907DC439D6B4AF46A	FC857CFC824F64D907DC439D6B4AF46A	exact
renderer/model_ase.cpp	.cpp	81215F3FCE49CD1B9B760C069D43931C	A5FFEE2A6C81E5E0A6FC06C02DE13092	different
renderer/model_ase.h	.h	16F45F180000CD99F7A0FE98C864A61B	6268EDE6CFEC7042E809C20C1C62F780	different
renderer/model_beam.cpp	.cpp	656185E53C3A9B166C401DBF0DF9EFD5	E99379DB6C66E19BDED8884C66C53991	different
renderer/model_liquid.cpp	.cpp	F31E54D89B337A6426562CF62F091909	7FA27C51B0352F1AC4905E4675ACF8B1	different
renderer/model_local.h	.h	D5440077D102119374F8E25005DF99C7	A0EA7B60549E8C5F656DA4133BA5465F	different
renderer/model_lwo.cpp	.cpp	D9BBE1493930575BDAF8E948D9D09082	4FA9365B8F02C648DFCF27855654269A	different
renderer/model_lwo.h	.h	E7C631ADCB3D4D7C6F78E9A126066B97	B97F96260C5C0691860D89854E29B8AF	different
renderer/model_md3.cpp	.cpp	66CA938E0EA8755545C5F985FB0D9616	FC99320FBC34F2FA57C62E059CACAFC9	different
renderer/model_md3.h	.h	05B0F12B44460F1C6CDDA80DDFBC92F7	4D874A06C8CA049F5A05AC14DCAD9D02	different
renderer/model_md5.cpp	.cpp	9CF0EBF0E83DB26992BD0716A2C96978	879D2AC9F9AE69E5487671CDB45739B8	different
renderer/model_obj.cpp	.cpp	C1057C057792A62C5C023EC0A6C3F141		missing
renderer/model_obj.h	.h	D8322138D33C9F8F6471701767A2877D		missing
renderer/model_proc.cpp	.cpp	491CA067F35E52634F8B2200C83C8B12		missing
renderer/model_proc.h	.h	C6AB919DB3FC93E00AA501848D6AE8C0		missing
renderer/model_public.h	.h	8C3E1684E11E63D005429BAFA30B9F22	8C3E1684E11E63D005429BAFA30B9F22	exact
renderer/model_sprite.cpp	.cpp	0726CE98BB024A32899A311BA4464878	425565C468EF7833C35FEF65B946385D	different
renderer/model_stuff.cpp	.cpp	38748B4C96CDCF84BFD186236BD99A04		missing
renderer/model_surface.cpp	.cpp	ECB33926839E7297E96738A6F92F0B83		missing
renderer/model_surface.h	.h	FA16D952962A21EA1B1D37FD534F3A88		missing
renderer/modelcheapdecal.cpp	.cpp	5BA0BCF7923B6608A4D0E4AE9A92F228		missing
renderer/modelcheapdecal.h	.h	462E66A46E4B2B7FAEBCE89B5711E05D	462E66A46E4B2B7FAEBCE89B5711E05D	exact
renderer/modeldecal.cpp	.cpp	89BF95D11B907FF3BB11D0D2D2AF32CC	7E6BF31AE06837011737491B1032EC0E	different
renderer/modeldecal.h	.h	8E96AEB66C79C1AF4FC79F96922C08A4	8B225D35882ABC605038F2D07CE9027F	different
renderer/modelmanager.cpp	.cpp	A1884A704D98594956122B6F3CA64E30	2981A7DA24CFC519B4C4008B642A5E91	different
renderer/modelmanager.h	.h	A5D3D929B697F29D95A2572BDAF98570	A5D3D929B697F29D95A2572BDAF98570	exact
renderer/modeloverlay.cpp	.cpp	28BBCE5095CBEB45CA1C76F505BBB974	B832E44C9267AE7B94116418DEEFDCF3	different
renderer/modeloverlay.h	.h	CA6E4772CE0C11D2ECC5D9F1FFF0750A	0E891A67B4B521D4E10924B58B47B2F5	different
renderer/querytimers.cpp	.cpp	CE74600CD4F2AD8D72134533C4515503	7BA3E2406CFE41815B9E41BE5BD8BE21	different
renderer/querytimers.h	.h	9F24F975FEE951B00C296F0F5149DED8	AD42F6606E2F41EF57F2C359DE906CB7	different
renderer/renderbindingmanager.cpp	.cpp	29A0C5E47AD7114382D5364E2351FAC8	A7BFDB154D44A88FE560CC0D089EED62	different
renderer/renderbindingmanager.h	.h	65E88AFFAE08A544E641A4C3FEF2F51A	1A5474100BD88EEF4079EFC92511FF93	different
renderer/renderbindings.cpp	.cpp	B6DB2E0D76872CC61A5CD30545FEC06D	1AC596C9BECB1F9B6F951C8A054F4FEA	different
renderer/renderbindings.h	.h	8CE1001CF8E876F934F34E3CD9A9E021	8B8184904904FB9CDBE83323DDCECA9D	different
renderer/renderentity.cpp	.cpp	D192E1633D9C4E3B396D15140476C851	0DD859B738C46554672B26CEE8755A80	different
renderer/rendererenums.h	.h	71FEDCFA057F7A687B8D98B91A51B798	71FEDCFA057F7A687B8D98B91A51B798	exact
renderer/renderertypes.h	.h	B1CD952E33EDE9B42EC6D733C6297AFC		missing
renderer/renderertypesimpl.h	.h	D5880D2F25FCE459DEB48C59C58A8630		missing
renderer/renderlog.cpp	.cpp	DD99F893F45EF8F998C9EC0BCD2B703F	5A43317DDCD03336E54807D743123E9B	different
renderer/renderlog.h	.h	9231F11CBC171697EDCC9BCAF02A0A81	CFB0C7A54C27C085C26AB7FC95CD666F	different
renderer/rendersystem.cpp	.cpp	05F5749DB666C35CF3B8B8F4B6BBF5B0	14AF4BF9CA95107F5202DCEC4F48FD84	different
renderer/rendersystem.h	.h	F0CCF2C8230971BF36DE539B479FE329	F0CCF2C8230971BF36DE539B479FE329	exact
renderer/rendersystem_init.cpp	.cpp	7021B100752B956533F00CF76AF46A89	1CC62DFD9CBB55977D2A911AE36D614B	different
renderer/rendersystembackend.cpp	.cpp	ED976F3F758895A992BC5441F32AEA8D	4736830E826A0434B6CE421526904B91	different
renderer/renderutilities.cpp	.cpp	EEAF31CC6CD7C0CD03BB427AE836B696		missing
renderer/renderutilities.h	.h	176EB51969AA3B8290E0927F6EC9D0E1		missing
renderer/renderworld.cpp	.cpp	21F0BF8F8AE8F65F8D55E5DD1A1E2297	2E4BDE4CABFAA4D76B80DCA3D08F3C25	different
renderer/renderworld.h	.h	F4F26C3D056FCBB1143E99A4DBDFBBA2	F4F26C3D056FCBB1143E99A4DBDFBBA2	exact
renderer/renderworld_demo.cpp	.cpp	8EE3C89DF916B7842F72BEACCE53E89A	2D17498A7F2CB2801FC03E0D71C58D74	different
renderer/renderworld_load.cpp	.cpp	47A0DAC2CBAF9C4F84D3337660312F51	8F1FBBC31392C34C7D984DD7070FC249	different
renderer/renderworld_local.h	.h	1161816E00A886D74DBAACEC25BC1C15	5417B63BAE1CA00A13CEE644A2B4E598	different
renderer/renderworld_portals.cpp	.cpp	7C7585FE77FEC82CFDD65E0FA99CA3C5	EDC2304755A99D25744F054C657AD600	different
renderer/screenrect.cpp	.cpp	663FF28D87D5F7B05FCC5E18F813090C	B0764E4A9542235FA74559EF25FA2F52	different
renderer/screenrect.h	.h	24FB8DA80D20E32500604C409EBB56E8	AD0D46F7A808B211D832001EC32D3DFE	different
renderer/simplex.h	.h	592915724E0C831C260EAFEA20C8BD4A	529FD013CD9C6CFA3F804F3C8B2042F7	different
renderer/surfaceocttree.cpp	.cpp	6BC0EE2C1BE6F8A8BE6CAC13DE3F2047		missing
renderer/surfaceocttree.h	.h	DCC6953A34853509A67B6C2EB62EFD9E		missing
renderer/surfacetypemap.cpp	.cpp	C4BEFED163391577C5AB1DA980A61E0B	374BFAECD37537E4064D42E7756C8C8E	different
renderer/surfacetypemap.h	.h	692C651A89674A148C8A481E9302288F	1F88F64BA7482E18925FF24E571B6444	different
renderer/tr_backend.cpp	.cpp	799E89DB14A564F628CE1D30241CDBD8	B8B29D4AA37C0DFE682D51B1DA6776E1	different
renderer/tr_deform.cpp	.cpp	20C4AEBAAC6BF395E753941260F68C88	A6E3842B79E74F8917A7655E89E408E3	different
renderer/tr_guisurf.cpp	.cpp	9A91ADDB25B5A3F7FB4480839EFE9AAF	7DE89BA2DB67CE59388129AB295CF9AE	different
renderer/tr_light.cpp	.cpp	D4B4681E544CA2E48214F68445B63175	17A78BA20825698588F3DA49D4814797	different
renderer/tr_lightrun.cpp	.cpp	FEB240829C17683A0C2119DABA2A042E	C9D95FCF29318DC5C2AF1DAF1F3D84C5	different
renderer/tr_lispsm.cpp	.cpp	CA55E7B13A2D6FB6B3C88AD4081FD715		missing
renderer/tr_local.h	.h	FB75EC36761A44A34DA1AA0C5C17051E	12663E385469F3E087BE3524E1B46CD1	different
renderer/tr_main.cpp	.cpp	A563E83BEC7162B890D2802CF3FEB2CE	8C2D2940B19481501AD085404135F4DC	different
renderer/tr_matrixmath.cpp	.cpp	441A19F1C25FC11CC6E2AD0C411A3ACF	B354F7664216DCA7A2E38A57D9626570	different
renderer/tr_orderindexes.cpp	.cpp	110F154416757810BC4908F29F890CD8	EF1C1EE67DE0916F61A1447C8978691F	different
renderer/tr_perfqueries.cpp	.cpp	18E7275374D677DA0CA9CA033DF99890		missing
renderer/tr_polytope.cpp	.cpp	E37287E8D3537AC7FFED5B77E41DF821	0EC7F9C144E5939C954E3C9E0124C2EC	different
renderer/tr_render.cpp	.cpp	4C72C026D3293FD7C50AD33F55961788	B27A879A63318FB4495C0A40A1A04196	different
renderer/tr_rendertools.cpp	.cpp	3950826F9D6A02C6C761AF89CE9821CF	059C1015EEE77FAC2F6C9253CA28513A	different
renderer/tr_shadowbounds.cpp	.cpp	7D39098D79C87EA9E62367D5F858749A	4DF3877FAC6494CB1E2EF744F21EE492	different
renderer/tr_shadowviews.cpp	.cpp	2180A0532FAC4647F5DD666BFDCC3837		missing
renderer/tr_stencilshadow.cpp	.cpp	7D84078C41087997521C63CBE4AAAD3E	D4CEB68352529B5DFD33D51E564D75A6	different
renderer/tr_subview.cpp	.cpp	6DD72D65F389952162BBA0F495DE9382	748AB8AB5ABE5B94786BD44CC0E6A364	different
renderer/tr_trace.cpp	.cpp	AEAAC1EA76F9A64AFBE62EA283F79D52	500B6CF4FF3521567AE3F1027A7A85BE	different
renderer/tr_trisurf.cpp	.cpp	32B64007FFB8A2F4E222A4F27D2553CB	AF71B217F56FB490FBE9FDDE10DF4AE4	different
renderer/tr_turboshadow.cpp	.cpp	F68F40B0AC8A427A3884324502411667	7789284FCE3497A4D345F38C3D14D01F	different
renderer/vertexcache.cpp	.cpp	2F6063EFB8E37EACD92C3CAD94FB5E00	3B59B247F28F3BA346942A89901E0C36	different
renderer/vertexcache.h	.h	A9DB456946E010B7A6F99BCDBFACD13C	17BE44DE268569C6C880AD05752CFFC9	different
renderer/wglext.h	.h	39AD2E99AC244F9EF1CCB6E813A3E193	91085A100FCD767C7708589F4ADFC6CB	different
sdnet/demonware/logsubscriber.cpp	.cpp	19C3B81667DEF99536519370F9ADE6C8		missing
sdnet/demonware/logsubscriber.h	.h	8DB97635132AD4976366D10AC39E2833		missing
sdnet/demonware/profileinfo.cpp	.cpp	CFB825025175834F7838B2C958AFD429		missing
sdnet/demonware/profileinfo.h	.h	53AEB60D56F651CE6E23721932FA05F2		missing
sdnet/demonware/sdnet_demonware.cpp	.cpp	E9CB092A8F5CEAABA50D5ED260BA1426		missing
sdnet/demonware/sdnet_demonware.h	.h	396E80314907BA031930DA229926B9CA		missing
sdnet/demonware/sdnetaccount_anonymous_demonware.cpp	.cpp	16E89645E0D0B87F8D5A539C7BF83B09		missing
sdnet/demonware/sdnetaccount_anonymous_demonware.h	.h	BCB20A0420D828798E360EE9D9DE8A9B		missing
sdnet/demonware/sdnetaccount_auth_demonware.cpp	.cpp	D5ADD7A7A2C954E9CAF0C47E213A94B8		missing
sdnet/demonware/sdnetaccount_demonware.h	.h	285C5F92FF1C99DA634EAFB453F8D110		missing
sdnet/demonware/sdnetfriend_demonware.cpp	.cpp	2706E53B273F9B287A32576F350796C9		missing
sdnet/demonware/sdnetfriendsmanager_demonware.cpp	.cpp	870ADD87D775FD12BB8143CC63EB8980		missing
sdnet/demonware/sdnetfriendsmanager_demonware.h	.h	48DF79C0E33CE7AF68EBA289C7A6DA99		missing
sdnet/demonware/sdnetmessage_demonware.h	.h	1EBD564E1047C88CAE53EEAFFFB1AA7F		missing
sdnet/demonware/sdnetprofile_demonware.cpp	.cpp	3D113E836D3D18FE153DADF13DE90F90		missing
sdnet/demonware/sdnetprofile_demonware.h	.h	5AF0FD7E1AA81ED36A760A41AFCEE9A4		missing
sdnet/demonware/sdnetsession_demonware.cpp	.cpp	C783A2E75DC760D6BE053783AF765687		missing
sdnet/demonware/sdnetsession_demonware.h	.h	800BBD0D5FE24B91FE9B45D50046250C		missing
sdnet/demonware/sdnetsessionmanager_demonware.cpp	.cpp	7ACDADF06EA07CC9BD974707AD00D331		missing
sdnet/demonware/sdnetsessionmanager_demonware.h	.h	44C394E4594A082530464FD8C2031F81		missing
sdnet/demonware/sdnetstatsmanager_demonware.cpp	.cpp	044F819D3BD1E9B37DF4CA30F5ADAF0B		missing
sdnet/demonware/sdnetstatsmanager_demonware.h	.h	85DB9CAB901B5B39341F53331C7E08D0		missing
sdnet/demonware/sdnetteammanager_demonware.cpp	.cpp	72EF397AF39DF333552542C78F52B2AF		missing
sdnet/demonware/sdnetteammanager_demonware.h	.h	DB667575743E7CE9A013AD0CD4044BA6		missing
sdnet/demonware/sdnetteammember_demonware.cpp	.cpp	E93311FE6D2DA40D77EF714AD87804CE		missing
sdnet/demonware/sdnetuser_demonware.h	.h	0FADD8433EDABEBD653908C22BC50AC5		missing
sdnet/demonware/sessioninfo.cpp	.cpp	4CCB78A8BF1D565DF0A4F3497398B3F8		missing
sdnet/demonware/sessioninfo.h	.h	F73D2DEDF670808C2EC79200F2FAB5E1		missing
sdnet/demonware/sessionqueries.cpp	.cpp	454AECCAFF50ECE847BB13D6F9C90C51		missing
sdnet/demonware/sessionqueries.h	.h	89FC937AC937A6F3E2D35BE20888CA98		missing
sdnet/sdnet.cpp	.cpp	82FFA9B29AF94F0E75EBB7EF53A07199	DD52A97DFA7DBA4610DCB7578675CBCF	different
sdnet/sdnet.h	.h	3FC4682E116071973AB5AED8D02AA2B0	5A50231ED0FEF09F8D0156BC43D28457	different
sdnet/sdnet_local.h	.h	ADBE477551E7388BBA4E293F791BE7E0		missing
sdnet/sdnetaccount.h	.h	E7999B8FEA9DBCC144DB4A04633CD236	E7999B8FEA9DBCC144DB4A04633CD236	exact
sdnet/sdnetaccount_anonymous.cpp	.cpp	6D0989AAD6144AF4D41A5DF34147EFD3		missing
sdnet/sdnetaccount_anonymous.h	.h	CBA65FC9D2C315E6120A0ED240DFFBA2		missing
sdnet/sdnetaccount_anonymous_local.h	.h	26CFBA05C65242B4F2388A409FB87268		missing
sdnet/sdnetaccount_auth.cpp	.cpp	1F3D60A013991B255FE436A4FD247F3E		missing
sdnet/sdnetaccount_local.h	.h	DF924B867D82193127D12753AA1CE787		missing
sdnet/sdneterrorcode.h	.h	F20BF18FE4A848417210A7B29FFB4E52	F20BF18FE4A848417210A7B29FFB4E52	exact
sdnet/sdnetfriend.h	.h	78A3142C932B797BC0524B55FFAD8B83	B8C6F01E72996A34512EB7B00E1B15CF	different
sdnet/sdnetfriendsmanager.cpp	.cpp	D12CDD52F6C1BE35A49BA1860F13AD13		missing
sdnet/sdnetfriendsmanager_local.h	.h	16068398A8D1668C10736AF0C92C3F76		missing
sdnet/sdnetmessage.cpp	.cpp	78EE4B3EEAB226CB1EDC6B843B44B357		missing
sdnet/sdnetmessage.h	.h	425CB98048895691EC65AA2432DBEF11	425CB98048895691EC65AA2432DBEF11	exact
sdnet/sdnetmessage_local.h	.h	880CDE501DA94D9E356E6939E35F7070		missing
sdnet/sdnetmessagehistory.cpp	.cpp	D4EBDCDACBCD179881AA9417B3F74F35		missing
sdnet/sdnetmessagehistory.h	.h	F96BA3F677EF17D028A703504B970CA1	F96BA3F677EF17D028A703504B970CA1	exact
sdnet/sdnetprofile.h	.h	7ED91B8BE02E2DDC052DB812E43417B4	7ED91B8BE02E2DDC052DB812E43417B4	exact
sdnet/sdnetprofile_local.h	.h	5F11EA30DFCDD6AAD94380FF9F9FCCDF		missing
sdnet/sdnetsession.cpp	.cpp	633DF0BF2A641194C04A1C68C7200602		missing
sdnet/sdnetsession.h	.h	8A1041B97F320DB9D4CB2643730A0477	8A1041B97F320DB9D4CB2643730A0477	exact
sdnet/sdnetsession_local.h	.h	036602587933531A32CEBBEBE06C0007		missing
sdnet/sdnetsessionmanager.cpp	.cpp	05C1388C07C5F0E550B712E3559D7E8E		missing
sdnet/sdnetsessionmanager.h	.h	31294D1CEC7E01AC255D7BFC818743D9	31294D1CEC7E01AC255D7BFC818743D9	exact
sdnet/sdnetsessionmanager_local.h	.h	4CA2EA4BD45D6ED6B241CBF52BB9F044		missing
sdnet/sdnetstatsmanager.cpp	.cpp	4C443FA308AC384EB8248CE10818F6BE		missing
sdnet/sdnettask.h	.h	A723B0C36EB565B33BA933F213E2EEAC	A723B0C36EB565B33BA933F213E2EEAC	exact
sdnet/sdnettask_local.cpp	.cpp	60CE0710D2744DDCC2DAA88B07AD4AB1		missing
sdnet/sdnettask_local.h	.h	4D728B3F647471722A9C1E85D893AF9F		missing
sdnet/sdnetteammanager.cpp	.cpp	CF138C7621F491E4E6C54E40FE373DC0		missing
sdnet/sdnetteammember.h	.h	CE23A27EE74211A5B6CE98A0BFB97850	FEE186A0CED931B45D317EFE38720959	different
sdnet/sdnetuser.cpp	.cpp	4EC7FB7C5AF0844E9FC960D5C9A41CED		missing
sdnet/sdnetuser.h	.h	F5CD22A60DE60129C827817E46540725	F5CD22A60DE60129C827817E46540725	exact
sdnet/sdnetuser_local.h	.h	7DF78724E7DC4C307140B2060A58F4BA		missing
sound/audiohardware.h	.h	D53CE0601C655953A4451F179A93A19B		missing
sound/audiohardware_software.cpp	.cpp	E11D6773985BA260F71C4A794BECC546		missing
sound/audiohardware_software.h	.h	9D867CB5E15E35785EF953501E2C979A		missing
sound/audiosample.cpp	.cpp	DF4FF81AC55528BB523E537AC9EBD91D		missing
sound/audiosample.h	.h	902871F3641E458BD1E22CB6FD6BC114		missing
sound/binkfile.cpp	.cpp	250A86F96772961AF3BAD34B5E10A056		missing
sound/binkfile.h	.h	2B995E0C88564E2F7FFEC0F9704ABBAF		missing
sound/sampledecoder.cpp	.cpp	AA0B3CEF43F39DB1E69B381E67B54E52		missing
sound/sampledecoder.h	.h	838CDC529464217654EDA3329FB76436		missing
sound/sound_local.h	.h	625792DC01C20EF461E4071C13EF4EFC		missing
sound/soundcache.cpp	.cpp	67F038C5857E1E532568FBCE63EDD16C		missing
sound/soundcache.h	.h	FD6D35D4E6BE22EA67B22547F2CBA71A		missing
sound/soundemitter.cpp	.cpp	49121736A9B7D24EA8A34BB42B4DAE96		missing
sound/soundemitter.h	.h	C771FE468AEB87370F6E26B8940CA326	C771FE468AEB87370F6E26B8940CA326	exact
sound/soundemitter_local.h	.h	1ECA10A4F3B9A699C80C7C8761903140		missing
sound/soundsample.cpp	.cpp	70E751E95250C07D407207AC9F8078A2		missing
sound/soundsample.h	.h	2A06B8632220E5B40D754976A5EA8192		missing
sound/soundshader.cpp	.cpp	9AF3BD4A0E7F87B0800121A139195676		missing
sound/soundshader.h	.h	D6924FE0B5AF06B000D285BD67DAD311	D6924FE0B5AF06B000D285BD67DAD311	exact
sound/soundsystem.cpp	.cpp	1EDD07736706DE2A1D814C878F694AC8		missing
sound/soundsystem.h	.h	FB5C76317C14D5E484AA3905BED4414F	FB5C76317C14D5E484AA3905BED4414F	exact
sound/soundsystem_local.h	.h	6A62D1737CE4E4A859ABA9D34A09CDD4		missing
sound/soundworld.cpp	.cpp	0F3AFF1756FA469A0F0BB6E68BB3E6A7		missing
sound/soundworld.h	.h	F2ED1B3A2730456A765360BC03340A73	F2ED1B3A2730456A765360BC03340A73	exact
sound/soundworld_local.h	.h	C3A3DBDF109401811FA773C1F89BE3A2		missing
sound/theorafile.cpp	.cpp	8685807FCCE474BCA51B1B0F86EE1418		missing
sound/theorafile.h	.h	DDA1EE75CBD994A3A91DA25142885D6B		missing
sound/voipspeex.cpp	.cpp	05EA0BB8FC2CCDFA6EDA4745CEFA58A0		missing
sound/voipspeex.h	.h	06BA6D45C2BEB0031EEC9622987E57C0		missing
sound/wavefile.cpp	.cpp	F1F5F6E1AD6531EBC14AC2D9866CB052		missing
sound/wavefile.h	.h	20FB73AFE717BE6BFF33010DD37450C1		missing
sys/gss/gsscodes.cpp	.cpp	83E2EA7535ECAFB2F5860751018604A9		missing
sys/keynum.h	.h	E7F618B0A713B20FEB90F5372E23E61A	E7F618B0A713B20FEB90F5372E23E61A	exact
sys/sys_input.cpp	.cpp	042B21D5FA1EEAC8A4651B1677576BB7	10DAF4F6071BE06FA0F6D03AE3FB430D	different
sys/sys_input.h	.h	3DF63F86B34808022E8B4F8B025825E9	CDB531DA34279BE771EFEA91D2002CE1	different
sys/sys_local.cpp	.cpp	820172E973148C4A3B5A4B91336BD78F	F66F2E21B5F35522543DFF0C5FCD1057	different
sys/sys_local.h	.h	30D4D19444A8EC83F649AB247F7ED719	30D4D19444A8EC83F649AB247F7ED719	exact
sys/sys_net.h	.h	E1E65C37DC87A6FE79CF357576047089		missing
sys/sys_public.h	.h	12D77806AABBB932EA87FD600A7428C2	509F6C2820304ACC73E70ADCF5D83862	different
sys/sys_render.h	.h	60DF41D6E15283ACC483B3846694B638	87009F6CA0A4FBC67E1056F8D5BB2447	different
sys/win32/dbghelp.h	.h	B5D26490885A33A9B44E912A8DCA58D0		missing
sys/win32/dongle/blowfish.cpp	.cpp	265BF391B3CEDEF33C5B6D4887AF260C		missing
sys/win32/dongle/blowfish.h	.h	928D31E02794D6BE0BC77BE37C7AA4C4		missing
sys/win32/dongle/dongle.cpp	.cpp	E848647A6CCEEC62AECD33067149A1F7		missing
sys/win32/dongle/dongle.h	.h	342349201B78D88F83BFB16FADCC0E1E		missing
sys/win32/dongle/encryptedfileio.cpp	.cpp	98B9188AC939EC33630351B8B369362C		missing
sys/win32/dongle/encryptedfileio.h	.h	4943729AD09D5D68AE26544C988964A7		missing
sys/win32/dongle/spromeps.h	.h	DC485E4B149396FE24BF66910A3223B8		missing
sys/win32/gl_logfuncs.cpp	.cpp	3C1F7E17F74DCAC17CA69E6E717766C4	368B7EC64BF4DCEA8DF8D6ECF40602A8	different
sys/win32/input/win_dinput.cpp	.cpp	788E337AD8D50108A205156734ABB769	B396F33E16C2361842903B03D87A5C38	different
sys/win32/input/win_dinput.h	.h	9F3CAA2FF90B5B2EDAA3CAA9EC93FA3B	78E2F4D60090A23BB0402107796548E8	different
sys/win32/input/win_ime.cpp	.cpp	F642F9BF92669EDC807991AB7257162D		missing
sys/win32/input/win_ime.h	.h	83FA276FFAF852E420AE6BD131167725		missing
sys/win32/input/win_input.cpp	.cpp	6218BCC5462D19DC8294DD5ACD452454	DA3A40EEB7BA80E80E42FF8F8515BA01	different
sys/win32/input/win_input_keyboard.cpp	.cpp	73DE2ED81476EBEF62E9F900D83AAF70	08FE7274B9A664113B8876D3423AB410	different
sys/win32/input/win_input_mouse.cpp	.cpp	32EDF46FCC06EA794766189EB35440F0	D9C0B408A925DD5D27285B4E69630F58	different
sys/win32/input/win_input_mouse.h	.h	20BA91A904BA95BB04417A20651D5A9C	917CBE28E22A6566CEC16FDEE86E64EA	different
sys/win32/input/win_xinput.cpp	.cpp	761B4EDE656E426EA3DCF08BBD946429	9D3553A3C3206C1ACFE6E323F5E91140	different
sys/win32/input/win_xinput.h	.h	2AE95F6B207F8B5E5802B60067CBB058	116C589442D7B86ABB9CA6DAD26C4833	different
sys/win32/rc/createresourceids.cpp	.cpp	6A9EFD178DB7886A07419B3BE67F41DF	257C6878D278412C73BF7442356CF2C1	different
sys/win32/rc/createresourceids.h	.h	35E5CC2755BB8A7200C7DC505599D042	C1BD3653A5A21BF88E33A0FEE9F13F8A	different
sys/win32/rc/resource.h	.h	7C94EF5C9A60C9962DEE43C9C655CBBD		missing
sys/win32/render/win_opengl.cpp	.cpp	9C747DE7BEAB79E1830352D6DCC7F9FB	B1E5A26A9DD7510EE4ECE9C8260B0163	different
sys/win32/render/win_opengl.h	.h	E4B328565ED8A68A18AFCAA3B4715CCF	A2654CF4463494C8727B138FC80E1DB0	different
sys/win32/splashscreen.cpp	.cpp	C4F1E7BC50FFFE905DE80772B32D2A3A		missing
sys/win32/splashscreen.h	.h	B093018334375C98F05ECED4BA9E160F		missing
sys/win32/stacktracer.cpp	.cpp	1FCFEDC080BE214E8BB406C8C8B7EA12	F5862CC828A2CD2EE134751B54DA193A	different
sys/win32/stacktracer.h	.h	39A30201AEF282F2D6AEC978AFBC8F63	23DF9CD65A3C6582C8B6052026722EC6	different
sys/win32/win_asyncthread.cpp	.cpp	953FD468B2BA3E8A32174A94A2A705E7	640289A896EBE8285C902053F680FF48	different
sys/win32/win_asyncthread.h	.h	F7E7EEBB78BC3876F3FD981390A20174	48D18E88C8D30B0089ADBCDDD216BA03	different
sys/win32/win_cpu.cpp	.cpp	D06A638F1FDDA61305F49BDBBE9ACC78	394A898EDD093A60212BCF0606442659	different
sys/win32/win_exception.cpp	.cpp	A3322B12CA0E57A1957ED4CE40256B8C		missing
sys/win32/win_exception.h	.h	CD92EEDEB4232AC39F9B9F58CF6D6E24		missing
sys/win32/win_local.h	.h	E9B574B00ED0AF9CB4040CB4F811A766	6515D4335A15F1BD36D10D2E74AE3765	different
sys/win32/win_logitechlcd.cpp	.cpp	7F379739DE8DA14C2DD070ED1A7B9224		missing
sys/win32/win_main.cpp	.cpp	B14690ECEF0759428DA9DDADF700A802	0F08CE35936CA526DC5B5929DBFC79AB	different
sys/win32/win_net.cpp	.cpp	3FF7053D1A4AACE3216B5A5F9926F163	2F9526DFC4151C80253BDAB536ACFE38	different
sys/win32/win_perfquery.cpp	.cpp	52A847705976E2B21F171D71085F0E61	5C06046EBFE54ACB69998E6A0D077981	different
sys/win32/win_qgl.cpp	.cpp	E1C7DA203C2AC646B88A236D42FA4C14	9AE082C1A7FD2DE24A768BDA3FD2233A	different
sys/win32/win_shared.cpp	.cpp	61099B0DB9B9A6C67A73D26CA834E49B	8DCBD6748C4EEC283CEEC522E9150F93	different
sys/win32/win_sound_dsound.cpp	.cpp	A86131FF22EE341018E620FB1A01618D		missing
sys/win32/win_sound_dsound.h	.h	4D02842BFE9E5586F2AB28F0717F2C45		missing
sys/win32/win_stack.cpp	.cpp	EC276E2E3031606DA60089B8FED3418B	4E241734AEC53668CD7018983B240BE7	different
sys/win32/win_syscon.cpp	.cpp	02758A9E3A6459B56747F9CC98597DD5	F7124626F4F9794510C78B19FC9F8DAA	different
sys/win32/win_taskkeyhook.cpp	.cpp	61B16A8CD6871D2DF3AFF3D90C9F0F67	8BFF0186327441097010B51AA97A6AFC	different
sys/win32/win_wndproc.cpp	.cpp	E54508260937B4C4BCF221EB905A9422	83DFB5CA1EF4AD1229C69C5728D3F6F5	different
tools/compilers/compiler_public.h	.h	E6CBD15FC8F2E54B3C9E43C1061F818D		missing
tools/compilers/heighttonormal/heightmapdata.cpp	.cpp	67AA2BC120E2C77B597093FDE966A14C		missing
tools/compilers/heighttonormal/heighttonormal.cpp	.cpp	B49A3F394A717524155A82F504EBF265		missing
tools/compilers/heighttonormal/heighttonormal.h	.h	8D96E96DB2AA97D2D025806032D528E9		missing
tools/compilers/imposter/makeimposter.cpp	.cpp	E9000D85174FE857BEC7CC7C4A47CD13		missing
tools/compilers/renderbump/renderbump.cpp	.cpp	CDD93BE35C281EBC04CF1FF21EBCB20A		missing
tools/compilers/renderlight/renderlight.cpp	.cpp	58D19E5D8536C90F3AAA30A98C41347A		missing
tools/compilers/renderlight/renderlight.h	.h	602227537D9F1E10964EBEC430950B4C		missing
tools/compilers/renderlight/renderlighttemplate.cpp	.cpp	AAE10DDA534FE83D0348D61AE64E27CC		missing
tools/compilers/renderlight/renderlightworker.cpp	.cpp	1E2072FF19CB0D898D393523C577D829		missing
tools/gametool.cpp	.cpp	45600EFEC1D97A76BD95F102A1BB8F56		missing
tools/gametool.h	.h	ED4E8781BB695759225E06828AAB37AB		missing
